Query Sequence	Matched Sequence	Protein ID	Protein Name	Species	Taxon ID	Gene	Mismatches	Mutated Positions	Index start	Index end	Protein Existence Level
AADDFRLKYENEVTL	AADDFRLKYENEVAL	A0A1B0GVI3.2	Keratin, type I cytoskeletal 10	Homo sapiens	9606	KRT10	1	[14]	230	244	1
AAFITYLQAKQAAGI	AAFITYLQAKQAAGI	Q96T58.1	Msx2-interacting protein	Homo sapiens	9606	SPEN	0	[]	3597	3611	1
AAFVDFVDIKSAQKA	AAFVDFVDIKSAQKA	Q96T58.1	Msx2-interacting protein	Homo sapiens	9606	SPEN	0	[]	48	62	1
AASDISLLDAQSAPL	LAKVISLGDAQSNYL	B1AMU3.1	Exosome complex component CSL4	Homo sapiens	9606	EXOSC1	6	[1, 3, 4, 8, 13, 14]	104	118	1
ADINGLRRVLDELTL	ADINGLRRVLDELTL	A0A1B0GVI3.2	Keratin, type I cytoskeletal 10	Homo sapiens	9606	KRT10	0	[]	250	264	1
ADLIILKRPRKDSQD	KDLCKLKRSRKRSGS	A0A0J9YYF7.1	Disheveled-associated activator of morphogenesis 2	Homo sapiens	9606	DAAM2	7	[1, 4, 5, 9, 12, 14, 15]	1047	1061	1
ADYISRDKPITFTQV	ADYISRDKPITFTQH	Q9HC62.3	Sentrin-specific protease 2	Homo sapiens	9606	SENP2	1	[15]	556	570	1
AESKTLIYQMAPAVS	AESKTLIYQMAPAVS	P25054.2	Adenomatous polyposis coli protein	Homo sapiens	9606	APC	0	[]	2638	2652	1
AEYLKTFKVAYSTDG	HEYLKAFKVAYSLNG	A0A8Q3SI86.1	Lactadherin	Homo sapiens	9606	MFGE8	4	[1, 6, 13, 14]	152	166	1
AEYQQLLDIKIRLEN	TEYQQLLDIKIRLEN	A0A1B0GVI3.2	Keratin, type I cytoskeletal 10	Homo sapiens	9606	KRT10	1	[1]	430	444	1
AFPFDIEGSSAFGRL	AFPFDIEGSSAVGRQ	A0A0A0MQS9.1	Laminin subunit alpha-4	Homo sapiens	9606	LAMA4	2	[12, 15]	31	45	1
AHGRLVFMFNVGHKK	AHGRLVYMFNVGHKK	A0A0A0MQS9.1	Laminin subunit alpha-4	Homo sapiens	9606	LAMA4	1	[7]	1525	1539	1
AKSELSKLESVRMKV	AKSDLSKLESVRMKV	Q96T58.1	Msx2-interacting protein	Homo sapiens	9606	SPEN	1	[4]	925	939	1
ALIIQDFRGFLLSDY	ALIIQDFKGLLLSDY	A0A8I5KP51.1	arginine--tRNA ligase	Homo sapiens	9606	RARS2	2	[8, 10]	431	445	1
ALIVTQTMKGLDIQK	VLGVGQVIKGLDIAM	A0A8I5KRR8.1	peptidylprolyl isomerase	Homo sapiens	9606	FKBP7	7	[1, 3, 5, 7, 8, 14, 15]	86	100	1
ALKSGVHTFPAVLQS	ALTSGVHTFPAVLQS	P01857.1	Immunoglobulin heavy constant gamma 1	Homo sapiens	9606	IGHG1	1	[3]	45	59	1
ALRNLMANRPAKYKD	ALRNLMANRPAKYKD	P25054.2	Adenomatous polyposis coli protein	Homo sapiens	9606	APC	0	[]	725	739	1
ANFTGCISNAYFTRL	ANFTGCISNAYFTRV	A0A0A0MQS9.1	Laminin subunit alpha-4	Homo sapiens	9606	LAMA4	1	[15]	1365	1379	1
ANSIVSSLHQAAAAA	ANSIVSSLHQAAAAA	P25054.2	Adenomatous polyposis coli protein	Homo sapiens	9606	APC	0	[]	2108	2122	1
APIVRTISRTKGPAR	APIEKTISKTKGQPR	P01859.2	Immunoglobulin heavy constant gamma 2	Homo sapiens	9606	IGHG2	5	[4, 5, 9, 13, 14]	209	223	1
APKQPLFVPTSSGPS	APKQPLFVPTTSGPS	Q96T58.1	Msx2-interacting protein	Homo sapiens	9606	SPEN	1	[11]	3452	3466	1
APTHLPLARTSSSPA	VSTHLPLATASSSPA	A0PJE2.2	Dehydrogenase/reductase SDR family member 12	Homo sapiens	9606	DHRS12	4	[1, 2, 9, 10]	286	300	2
ARLHLFRAVRSVLAN	ARLHLFKAVRSVLAN	A0A8I5KP51.1	arginine--tRNA ligase	Homo sapiens	9606	RARS2	1	[7]	581	595	1
ARRHPYFYAPELLYY	ARRHPYFYAPELLFF	A0A0C4DGB6.1	Albumin	Homo sapiens	9606	ALB	2	[14, 15]	167	181	1
ARWAVGQTLMINQLV	ARWAIGQTLMINQLI	Q86VX2.2	COMM domain-containing protein 7	Homo sapiens	9606	COMMD7	2	[5, 15]	121	135	1
ASALFESSRLSFLLR	ASALYESSRLSFLLR	Q96T58.1	Msx2-interacting protein	Homo sapiens	9606	SPEN	1	[5]	1395	1409	1
ASAMDIEFQQSVSKS	ASAMDIEFQQSVSKS	Q96T58.1	Msx2-interacting protein	Homo sapiens	9606	SPEN	0	[]	2840	2854	1
ASAQFIRNLQISNED	RLAQFIGNRRELNED	A0A494C128.1	Nucleolar protein 56	Homo sapiens	9606	NOP56	7	[1, 2, 7, 9, 10, 11, 12]	212	226	1
ASLVPLKDVGADLII	ASSTNLKDILADLIP	B4DJV2.1	Citrate synthase	Homo sapiens	9606	CS	6	[3, 4, 5, 9, 10, 15]	15	29	1
ASVLRNLSWRADVNS	ASVLRNLSWRADVNS	P25054.2	Adenomatous polyposis coli protein	Homo sapiens	9606	APC	0	[]	545	559	1
ATFGDTLHIHYSGSL	AAFGDTLHIHYTGSL	F8VU90.1	peptidylprolyl isomerase	Homo sapiens	9606	FKBP11	2	[2, 12]	54	68	1
AVDIWNMRVVFFFGF	VLDVWNMRLVFFFGV	A0A8I5KQF7.1	NADH dehydrogenase [ubiquinone] 1 beta subcomplex subunit 11, mitochondrial	Homo sapiens	9606	NDUFB11	5	[1, 2, 4, 9, 15]	81	95	1
AVFKIDALNENKVLV	VKENIDALEELKILV	A0A0B4J1R4.1	4-hydroxyphenylpyruvate dioxygenase	Homo sapiens	9606	HPD	7	[1, 2, 3, 4, 9, 11, 13]	310	324	1
AVFLLLEDRRPADSA	AVFVLLEERRPADSA	P19532.4	Transcription factor E3	Homo sapiens	9606	TFE3	2	[4, 8]	21	35	1
AVLQSSGLYSLSSMV	AVLQSSGLYSLSSVV	P01857.1	Immunoglobulin heavy constant gamma 1	Homo sapiens	9606	IGHG1	1	[14]	55	69	1
AVTADQFILYLGSKN	TETADQFILYLGSKN	A0A0A0MQS9.1	Laminin subunit alpha-4	Homo sapiens	9606	LAMA4	2	[1, 2]	875	889	1
AYPHLISSDHYILHP	AYPHLISSDHYILHP	Q7L0R7.1	RING finger protein 44	Homo sapiens	9606	RNF44	0	[]	171	185	1
CARDKLAFTQSRAAS	CARDKLAFTQSRAAS	A0A0A0MQS9.1	Laminin subunit alpha-4	Homo sapiens	9606	LAMA4	0	[]	1035	1049	1
CDQAMAFSDPLSHFT	CDQAIAFSDPLSYFT	O14948.1	Transcription factor EC	Homo sapiens	9606	TFEC	2	[5, 13]	276	290	1
CIWDLTDDLRLAALS	CVWDLTDDLRLAALS	A0A0A0MQS9.1	Laminin subunit alpha-4	Homo sapiens	9606	LAMA4	1	[2]	276	290	1
CKAIKKMDGEYLGNN	CKAIKKMDGEYLGNN	Q96T58.1	Msx2-interacting protein	Homo sapiens	9606	SPEN	0	[]	490	504	1
CLELATLNNDVISLY	CLELATLNNDVISLY	A0A0A0MQS9.1	Laminin subunit alpha-4	Homo sapiens	9606	LAMA4	0	[]	1005	1019	1
CSMKGCMRALVAQLQ	CSMKGCMRALVAQLK	P25054.2	Adenomatous polyposis coli protein	Homo sapiens	9606	APC	1	[15]	520	534	1
CTEDYLSLILNRLCV	CAEDYLSVVLNQLCV	A0A087WWT3.1	Albumin	Homo sapiens	9606	ALB	4	[2, 8, 9, 12]	259	273	1
CTVMRSDGTSLYATR	CTVMRSDGTSLYATR	A0A8I5KP51.1	arginine--tRNA ligase	Homo sapiens	9606	RARS2	0	[]	311	325	1
CVDKWLKANRTCPIC	CVDKWLKANRTCPIC	Q7L0R7.1	RING finger protein 44	Homo sapiens	9606	RNF44	0	[]	406	420	1
CVGEKRRVIIPSHLA	CVGEKRRAIIPSHLA	E9PAR0.1	peptidylprolyl isomerase	Homo sapiens	9606	FKBP11	1	[8]	2	16	1
DCFIHQVKTSLYNAA	DCFIHQVKNSLYNAA	F8WED7.1	Sentrin-specific protease 2	Homo sapiens	9606	SENP2	1	[9]	53	67	1
DDIMCVKKILDKVGI	DDIMCAKKILDIKGI	F8VWU1.1	Lactose synthase B protein	Homo sapiens	9606	LALBA	3	[6, 12, 13]	106	120	1
DDMSRTLLAMSSSQD	DDMSRTLLAMSSSQD	P25054.2	Adenomatous polyposis coli protein	Homo sapiens	9606	APC	0	[]	328	342	1
DEILSSAFKLRITRG	DEILSSAFKLRITRG	Q9HC62.3	Sentrin-specific protease 2	Homo sapiens	9606	SENP2	0	[]	386	400	1
DFEARQLLRVLPCNH	DFEARQLLRVLPCNH	Q7L0R7.1	RING finger protein 44	Homo sapiens	9606	RNF44	0	[]	386	400	1
DFQLSVDSLLENNND	DFQLSVDSLLEKDND	A0A8I5KP51.1	arginine--tRNA ligase	Homo sapiens	9606	RARS2	2	[12, 13]	41	55	1
DFRGFLLSDYQFSWD	DFKGLLLSDYKFSWD	A0A8I5KP51.1	arginine--tRNA ligase	Homo sapiens	9606	RARS2	3	[3, 5, 11]	436	450	1
DGLWHDVIFIREKSS	DGLWHDVIFIRERSS	A0A0A0MQS9.1	Laminin subunit alpha-4	Homo sapiens	9606	LAMA4	1	[13]	1550	1564	1
DGTMVYAQNKRQQVV	DGTMVYAQNKRQQVV	A0PJE2.2	Dehydrogenase/reductase SDR family member 12	Homo sapiens	9606	DHRS12	0	[]	196	210	2
DICAVDGALAFLVGT	DICAVDGALAFLVGT	P25054.2	Adenomatous polyposis coli protein	Homo sapiens	9606	APC	0	[]	605	619	1
DIRDFYEMLLERREE	DIRDFYEMLAERREE	Q96T58.1	Msx2-interacting protein	Homo sapiens	9606	SPEN	1	[10]	605	619	1
DKEACFAVEGPKLVV	DKETCFAEEGKKLVA	A0A087WWT3.1	Albumin	Homo sapiens	9606	ALB	4	[4, 8, 11, 15]	374	388	1
DKIAKYIPIQYVLSR	HKITKYIDFDHVFSR	Q96RY5.3	Protein cramped-like	Homo sapiens	9606	CRAMP1	7	[1, 4, 8, 9, 10, 11, 13]	221	235	1
DKVGINYWLAHKALC	DIKGIDYWLAHKALC	P00709.1	Alpha-lactalbumin	Homo sapiens	9606	LALBA	3	[2, 3, 6]	116	130	1
DLISKEQIVIRSSRQ	DLIPKEQARIKTFRQ	B4DJV2.1	Citrate synthase	Homo sapiens	9606	CS	6	[4, 8, 9, 11, 12, 13]	26	40	1
DLSIDEYMRIYQRLG	DLSIEEYIRVYKRLG	A0A8I5KP51.1	arginine--tRNA ligase	Homo sapiens	9606	RARS2	4	[5, 8, 10, 12]	246	260	1
DMFSISLNNGTVIMD	DVFSISLDNGTVIMD	A0A0A0MQS9.1	Laminin subunit alpha-4	Homo sapiens	9606	LAMA4	2	[2, 8]	1280	1294	1
DMGAVSMLKNLIHSK	DMGAVSMLKNLIHSK	P25054.2	Adenomatous polyposis coli protein	Homo sapiens	9606	APC	0	[]	700	714	1
DMVQLLKKYPIVWQG	DMVQLLKKYPIVWQG	Q96T58.1	Msx2-interacting protein	Homo sapiens	9606	SPEN	0	[]	3497	3511	1
DPEIQKIKSREREQI	DPEIQKVKSREREQI	P04264.6	Keratin, type II cytoskeletal 1	Homo sapiens	9606	KRT1	1	[7]	170	184	1
DPEMRWNKGTILKAS	DPEMRWNKGTILKAS	P19532.4	Transcription factor E3	Homo sapiens	9606	TFE3	0	[]	378	392	1
DPVGLKFLERNIPRD	DPVALKLPERNTPRN	A0A0A0MQS9.1	Laminin subunit alpha-4	Homo sapiens	9606	LAMA4	5	[4, 7, 8, 12, 15]	1440	1454	1
DQAMEDIKQMEAESI	DQAQYCIKRMPAYSG	A0A804HI95.1	Alpha-actinin-2	Homo sapiens	9606	ACTN2	7	[4, 5, 6, 9, 11, 13, 15]	826	840	1
DQEEKPFTSNKGPRI	DQEEKPFTSNKGPRI	P25054.2	Adenomatous polyposis coli protein	Homo sapiens	9606	APC	0	[]	2153	2167	1
DRLASYLDKVRALEE	DRLASYLDKVRALEE	A0A1B0GVI3.2	Keratin, type I cytoskeletal 10	Homo sapiens	9606	KRT10	0	[]	155	169	1
DSERRVYSRSSDRSG	DSERRLYSRSSDRSG	Q96T58.1	Msx2-interacting protein	Homo sapiens	9606	SPEN	1	[6]	750	764	1
DSILSLKSGISLGSP	DSILSLKSGISLGSP	P25054.2	Adenomatous polyposis coli protein	Homo sapiens	9606	APC	0	[]	2133	2147	1
DTEKQIKKQTALVEL	EKERQIKKQTALVEL	A0A087WWT3.1	Albumin	Homo sapiens	9606	ALB	3	[1, 2, 4]	329	343	1
DVELRIMPPVQENDN	DVELRIMPPVQENDN	P25054.2	Adenomatous polyposis coli protein	Homo sapiens	9606	APC	0	[]	1519	1533	1
DVIDEIISLESSYND	DVIDEIISLESSYND	P19532.4	Transcription factor E3	Homo sapiens	9606	TFE3	0	[]	263	277	1
DVIFIREKSSGRMII	DVIFIRERSSGRLVI	A0A0A0MQS9.1	Laminin subunit alpha-4	Homo sapiens	9606	LAMA4	3	[8, 13, 14]	1555	1569	1
DVVSQTESLKAAFIT	DVVSQTESLKAAFIT	Q96T58.1	Msx2-interacting protein	Homo sapiens	9606	SPEN	0	[]	3587	3601	1
DWYYAQLQNLTKRID	DWYYAQLQNLTKRID	E7EMH9.1	Adenomatous polyposis coli protein	Homo sapiens	9606	APC	0	[]	156	170	1
EALYQTKYEELQITA	EALYQTKYQELQITA	Q7Z794.3	Keratin, type II cytoskeletal 1b	Homo sapiens	9606	KRT77	1	[9]	354	368	1
EARIVTVTPGSQLQG	EARILTVTPSNQLQG	Q96T58.1	Msx2-interacting protein	Homo sapiens	9606	SPEN	3	[5, 10, 11]	3266	3280	1
EEEKLIEILEELARRFK	EEEKLIEILEQLAQTFK	A0PJE2.2	Dehydrogenase/reductase SDR family member 12	Homo sapiens	9606	DHRS12	3	[11, 14, 15]	301	317	2
EEKLQSSPLQHLFEV	EEKLQSNPLQHLFEV	A0A8I5KP51.1	arginine--tRNA ligase	Homo sapiens	9606	RARS2	1	[7]	191	205	1
EEKNRLNFLKKISQR	EAFQRLNFLYQVSLR	A0A0G2JHI3.1	Ribonuclease P protein subunit p21	Homo sapiens	9606	RPP21	7	[2, 3, 4, 10, 11, 12, 14]	9	23	1
EGGPPLRIAQRMRLE	EGGPPLRIAQRMRLE	Q96T58.1	Msx2-interacting protein	Homo sapiens	9606	SPEN	0	[]	3542	3556	1
EHFKGLVLIAFSQYL	ENFKALVLIAFAQYL	A0A087WWT3.1	Albumin	Homo sapiens	9606	ALB	3	[2, 5, 12]	41	55	1
EHTLNVLINNAGCMV	EHKLHVLINNAGCMV	A0PJE2.2	Dehydrogenase/reductase SDR family member 12	Homo sapiens	9606	DHRS12	2	[3, 5]	116	130	2
EILLQYLQDESKTKR	EILLQYLQDESKTKR	Q9HC62.3	Sentrin-specific protease 2	Homo sapiens	9606	SENP2	0	[]	506	520	1
EIRVLHLLEQIRAYC	EIRVLHLLEQIRAYC	P25054.2	Adenomatous polyposis coli protein	Homo sapiens	9606	APC	0	[]	403	417	1
EKALTASKGKLFFGM	EKALTASKGKLFFGM	Q96T58.1	Msx2-interacting protein	Homo sapiens	9606	SPEN	0	[]	390	404	1
EKKFYFGGSPITPQY	EKKFYFGGSPISAQY	A0A0A0MQS9.1	Laminin subunit alpha-4	Homo sapiens	9606	LAMA4	2	[12, 13]	1350	1364	1
EKPEPIHLSVSTPVT	EKPEPIHLSVSTPVT	Q96T58.1	Msx2-interacting protein	Homo sapiens	9606	SPEN	0	[]	2910	2924	1
EKVGSIFLQLKLVVK	EKVGSIFLQLKLVVK	Q86VX2.2	COMM domain-containing protein 7	Homo sapiens	9606	COMMD7	0	[]	151	165	1
EKVTPVIAPKITSVI	EKVAPVIAPKITSVI	Q96T58.1	Msx2-interacting protein	Homo sapiens	9606	SPEN	1	[4]	2608	2622	1
ELAYFYPELFRQFYQ	KHAYFYPHLKRFPVQ	P21815.4	Bone sialoprotein 2	Homo sapiens	9606	IBSP	7	[1, 2, 8, 10, 12, 13, 14]	47	61	1
ELEKERSLLLADLDK	ELEKERSLLLADLDK	E7EMH9.1	Adenomatous polyposis coli protein	Homo sapiens	9606	APC	0	[]	136	150	1
ELIALIRANYWQKLV	ELIALIRANYWLKLV	E9PAR0.1	peptidylprolyl isomerase	Homo sapiens	9606	FKBP11	1	[12]	37	51	1
ELIVDKSRLGSKNPT	ELIVDKSRVGSKNPT	A0A0A0MQS9.1	Laminin subunit alpha-4	Homo sapiens	9606	LAMA4	1	[9]	1325	1339	1
ELKSPPLSLRSSLPI	ELKSQPLPLRSSLPI	P19532.4	Transcription factor E3	Homo sapiens	9606	TFE3	2	[5, 8]	66	80	1
ELLYYANKYNGVFQE	ELRELANKYNGAVNE	A0A590UJ16.1	Sarcolemmal membrane-associated protein	Homo sapiens	9606	SLMAP	6	[3, 4, 5, 12, 13, 14]	301	315	1
ELNRVIQRLRSEIDS	ELNRVIQRLRSEIDN	P04264.6	Keratin, type II cytoskeletal 1	Homo sapiens	9606	KRT1	1	[15]	400	414	1
ELQRKLSNLSNLSHD	ELQVKLSNLSNLSHD	A0A0A0MQS9.1	Laminin subunit alpha-4	Homo sapiens	9606	LAMA4	1	[4]	571	585	1
EMVYSLLSMLGTHDK	EMVYSLLSMLGTHDK	P25054.2	Adenomatous polyposis coli protein	Homo sapiens	9606	APC	0	[]	313	327	1
ENFKQEHTLNVLINN	ENFKQEHKLHVLINN	A0PJE2.2	Dehydrogenase/reductase SDR family member 12	Homo sapiens	9606	DHRS12	2	[8, 10]	111	125	2
ENFSLQTDMTRRQLE	ENFSLQTDMTRRQLE	E7EMH9.1	Adenomatous polyposis coli protein	Homo sapiens	9606	APC	0	[]	176	190	1
ENLHLPLPLLQSWMH	ENLHLPLPLLQPLMQ	P05814.4	Beta-casein	Homo sapiens	9606	CSN2	3	[12, 13, 15]	137	151	1
ENVYIELTLPQFYSF	ENVYIELTLPQFYSF	Q86VX2.2	COMM domain-containing protein 7	Homo sapiens	9606	COMMD7	0	[]	171	185	1
EQIVIRSSRQPQSQN	EEIVITSSDLPCIEN	A0A1B0GUI1.1	Ral GTPase-activating protein subunit alpha-1	Homo sapiens	9606	RALGAPA1	7	[2, 6, 9, 10, 12, 13, 14]	453	467	1
EQLLRLKKYKVPQLE	AGLLRHKAEFVPQLE	A0A8I5KST9.1	non-specific serine/threonine protein kinase	Homo sapiens	9606	MAST3	6	[1, 2, 6, 8, 9, 10]	675	689	1
ERALKAWSVARLSQK	ERAFKAWAVARLSQR	A0A0C4DGB6.1	Albumin	Homo sapiens	9606	ALB	3	[4, 8, 15]	232	246	1
EREQIKSLNNQFASF	EREQIKSLNNQFASF	P04264.6	Keratin, type II cytoskeletal 1	Homo sapiens	9606	KRT1	0	[]	180	194	1
ERFFSDKIAKYIPIQ	EQFFSDEERKYMAIN	Q6P0N0.1	Mis18-binding protein 1	Homo sapiens	9606	MIS18BP1	7	[2, 7, 8, 9, 12, 13, 15]	630	644	1
ERPVLVRQSTFIKEA	ERPVLVRQSTFIKEA	P25054.2	Adenomatous polyposis coli protein	Homo sapiens	9606	APC	0	[]	2433	2447	1
ESLKFNPYDSSRREQ	ESLKFNPYDSSRREQ	Q96T58.1	Msx2-interacting protein	Homo sapiens	9606	SPEN	0	[]	1305	1319	1
ESQSLTLTDVENLHL	DPQIPKLTDLENLHL	P05814.4	Beta-casein	Homo sapiens	9606	CSN2	6	[1, 2, 4, 5, 6, 10]	127	141	1
ETMREKVLASSARQR	ERRREKAEELAARQR	A0A087WTZ5.1	UBX domain-containing protein 1	Homo sapiens	9606	UBXN1	7	[2, 3, 7, 8, 9, 10, 11]	90	104	1
ETQYVRLVPIICHRG	EAQYVRLYPTSCHTA	A0A8Q3SI86.1	Lactadherin	Homo sapiens	9606	MFGE8	6	[2, 8, 10, 11, 14, 15]	201	215	1
EVERFLAQLSEFAAT	EVERFLAQLSEFATT	Q86VX2.2	COMM domain-containing protein 7	Homo sapiens	9606	COMMD7	1	[14]	46	60	1
EWETYQGDYYESRYY	EWETYQGDYYESRYY	Q96T58.1	Msx2-interacting protein	Homo sapiens	9606	SPEN	0	[]	660	674	1
EYMRIYQRLGVHFDE	EYIRVYKRLGVYFDE	A0A8I5KP51.1	arginine--tRNA ligase	Homo sapiens	9606	RARS2	4	[3, 5, 7, 12]	251	265	1
FFFGFSIVLVLGSTF	FFFGVSIILVLGSTF	A0A8I5KQF7.1	NADH dehydrogenase [ubiquinone] 1 beta subcomplex subunit 11, mitochondrial	Homo sapiens	9606	NDUFB11	2	[5, 8]	91	105	1
FFQRLELGDMQALAL	FFQRLELGDVQALSL	A0A8I5KP51.1	arginine--tRNA ligase	Homo sapiens	9606	RARS2	2	[10, 14]	226	240	1
FGTDPLLSAISPAVS	FGTDPLLSATSPAVS	O14948.1	Transcription factor EC	Homo sapiens	9606	TFEC	1	[10]	316	330	1
FISLLLLFSSAYSRG	FISLLFLFSSAYSRG	A0A087WWT3.1	Albumin	Homo sapiens	9606	ALB	1	[6]	6	20	1
FLPYPYYAKPAAVRS	FCPYYHFAKPAFSRS	K7EMG2.1	Solute carrier family 66 member 2 (Fragment)	Homo sapiens	9606	SLC66A2	6	[2, 5, 6, 7, 12, 13]	47	61	4
FLVGTLTYRSQTNTL	FLVGTLTYRSQTNTL	P25054.2	Adenomatous polyposis coli protein	Homo sapiens	9606	APC	0	[]	615	629	1
FLVVTILALTLPFLG	LLVVNALALTLPFLA	P07498.3	Kappa-casein	Homo sapiens	9606	CSN3	4	[1, 5, 6, 15]	5	19	1
FMTLGLSEEKAIYFS	FITLGLSEEKATYFS	Q86VX2.2	COMM domain-containing protein 7	Homo sapiens	9606	COMMD7	2	[2, 12]	96	110	1
FPNSIIKRDSLRKRS	FPNSIIKRDSLRKRS	Q96T58.1	Msx2-interacting protein	Homo sapiens	9606	SPEN	0	[]	1355	1369	1
FQNALIVRYTRKVPQ	FQNALLVRYTKKVPQ	A0A087WWT3.1	Albumin	Homo sapiens	9606	ALB	2	[6, 11]	214	228	1
FRAVRSVLANGMKLL	FKAVRSVLANGMKLL	A0A8I5KP51.1	arginine--tRNA ligase	Homo sapiens	9606	RARS2	1	[2]	586	600	1
FSDFFRYGRVESVKI	IEHFKRYGRVESVKI	Q96T58.1	Msx2-interacting protein	Homo sapiens	9606	SPEN	4	[1, 2, 3, 5]	23	37	1
FSIRLKTRSSHGMIF	FSIRLRTRSSHGMIF	A0A0A0MQS9.1	Laminin subunit alpha-4	Homo sapiens	9606	LAMA4	1	[6]	1495	1509	1
FSKAALVSGAVSINS	FSKAALVSGAVSINS	A0A0A0MQS9.1	Laminin subunit alpha-4	Homo sapiens	9606	LAMA4	0	[]	1805	1819	1
FTCLLAVALAKNTME	FTCGLAGALASNPVD	F6SL11.1	Brain mitochondrial carrier protein 1	Homo sapiens	9606	SLC25A14	6	[4, 7, 11, 13, 14, 15]	208	222	1
FVEVTKLVTDLTKVH	FAEVSKLVTDLTKVH	A0A0C4DGB6.1	Albumin	Homo sapiens	9606	ALB	2	[2, 5]	252	266	1
FVHSKQYFWNENENI	FLHGYQRFWIETEEY	A0A087X080.1	Ryanodine receptor 3	Homo sapiens	9606	RYR3	8	[2, 4, 5, 7, 10, 12, 14, 15]	3511	3525	1
FVRIQPVAWHNRITL	YVRILPVAWHNRIAL	H0YKB5.2	Lactadherin	Homo sapiens	9606	MFGE8	3	[1, 5, 14]	358	372	1
GDVFIQYICKCPLGY	GDTFIGYVCKCPRGF	O43854.1	EGF-like repeat and discoidin I-like domain-containing protein 3	Homo sapiens	9606	EDIL3	5	[3, 6, 8, 13, 15]	97	111	1
GDVNVEMNAAPGVDL	GDVNVEMNAAPGVDL	A0A1B0GVI3.2	Keratin, type I cytoskeletal 10	Homo sapiens	9606	KRT10	0	[]	300	314	1
GFNFRTLQPNGLLFY	GFNFRTLQPNGLLFY	A0A0A0MQS9.1	Laminin subunit alpha-4	Homo sapiens	9606	LAMA4	0	[]	1260	1274	1
GGGILRNVSSLIATN	GGGILRNVSSLIATN	P25054.2	Adenomatous polyposis coli protein	Homo sapiens	9606	APC	0	[]	635	649	1
GGGSSLRISSSKGSL	GGVSSLRISSSKGSL	A0A1B0GVI3.2	Keratin, type I cytoskeletal 10	Homo sapiens	9606	KRT10	1	[3]	29	43	1
GGIQEVTINQSLLQP	GGIQEVTINQSLLQP	P04264.6	Keratin, type II cytoskeletal 1	Homo sapiens	9606	KRT1	0	[]	150	164	1
GGTLSPLRAASDPLL	GGALSPLRAASDPLL	P19532.4	Transcription factor E3	Homo sapiens	9606	TFE3	1	[3]	538	552	1
GGVPSNFKLPASLNL	GGVPSNFKLPTSLNL	A0A0A0MQS9.1	Laminin subunit alpha-4	Homo sapiens	9606	LAMA4	1	[11]	985	999	1
GGYVVLDESFNIGLK	GGYVVLDESFNIGLK	A0A0A0MQS9.1	Laminin subunit alpha-4	Homo sapiens	9606	LAMA4	0	[]	1655	1669	1
GHIQYVAAYRVAYGD	GSVQFVASYKVAYSN	H0YKB5.2	Lactadherin	Homo sapiens	9606	MFGE8	7	[2, 3, 5, 8, 10, 14, 15]	303	317	1
GIDIDHTQSYRKQME	GIDIDHTQSYRKQME	Q96T58.1	Msx2-interacting protein	Homo sapiens	9606	SPEN	0	[]	1160	1174	1
GILFHATQAEQLTKC	GILFPAILAKQFTKC	F8VWU1.1	Lactose synthase B protein	Homo sapiens	9606	LALBA	5	[5, 7, 8, 10, 12]	11	25	1
GINTPPVLVHNQLVL	GINTPPVLVHNQLVL	Q96T58.1	Msx2-interacting protein	Homo sapiens	9606	SPEN	0	[]	2935	2949	1
GKHGKVFLTVPSLSS	GKHGKVFLTVPSLSS	A0A0A0MQS9.1	Laminin subunit alpha-4	Homo sapiens	9606	LAMA4	0	[]	940	954	1
GKLMELGHKIMRNLE	LSLMELGLSRMSNLS	A0A0A0MT39.1	Sodium channel protein	Homo sapiens	9606	SCN5A	7	[1, 2, 8, 9, 10, 12, 15]	791	805	1
GLLFYYASGSDMFSI	GLLFYYASGSDVFSI	A0A0A0MQS9.1	Laminin subunit alpha-4	Homo sapiens	9606	LAMA4	1	[12]	1270	1284	1
GLPKKRIVVEFSSPN	GLPQKKIVVEFSSPN	A0A8I5KP51.1	arginine--tRNA ligase	Homo sapiens	9606	RARS2	2	[4, 6]	121	135	1
GLSHFIITSVSPARY	GLSHFVISSVSPTRY	A0A0A0MQS9.1	Laminin subunit alpha-4	Homo sapiens	9606	LAMA4	3	[6, 8, 13]	1310	1324	1
GNFIANLKEALGHQV	GNFIANLKEALGHQV	A0A8I5KP51.1	arginine--tRNA ligase	Homo sapiens	9606	RARS2	0	[]	151	165	1
GPLRSIVKSLLLVPN	GSLRSIVKSLLLVPN	Q86VX2.2	COMM domain-containing protein 7	Homo sapiens	9606	COMMD7	1	[2]	66	80	1
GQFMSLQTQHPRMPL	GQFVSLQTQHPRMPL	Q7L0R7.1	RING finger protein 44	Homo sapiens	9606	RNF44	1	[4]	201	215	1
GRAVKNVQINSVYSF	GKAVKNVQINSIYSF	A0A0A0MQS9.1	Laminin subunit alpha-4	Homo sapiens	9606	LAMA4	2	[2, 12]	1600	1614	1
GRMIIDGLRVLEESL	GRLVIDGLRVLEESL	A0A0A0MQS9.1	Laminin subunit alpha-4	Homo sapiens	9606	LAMA4	2	[3, 4]	1565	1579	1
GRPVSFSKAALVSGA	GHPVSFSKAALVSGA	A0A0A0MQS9.1	Laminin subunit alpha-4	Homo sapiens	9606	LAMA4	1	[2]	1800	1814	1
GSFLYEYSRRHPEYA	GMFLYEYARRHPDYS	A0A0C4DGB6.1	Albumin	Homo sapiens	9606	ALB	4	[2, 8, 13, 15]	352	366	1
GSSELEKVGSIFLQL	GSSELEKVGSIFLQL	Q86VX2.2	COMM domain-containing protein 7	Homo sapiens	9606	COMMD7	0	[]	146	160	1
GTAIFHATGGLAQSA	GSAIFAAAGRLAGPA	O00358.3	Forkhead box protein E1	Homo sapiens	9606	FOXE1	6	[2, 6, 8, 10, 13, 14]	293	307	1
GTVNFKINRELLTKT	RTVNFKINRELLTKT	A0A8I5KP51.1	arginine--tRNA ligase	Homo sapiens	9606	RARS2	1	[1]	86	100	1
GVLLLSLVITGICYR	GVLLLSLVITLYCNH	B8ZZZ4.1	T-cell surface glycoprotein CD8 alpha chain	Homo sapiens	9606	CD8A	4	[11, 12, 14, 15]	157	171	1
GVPYSHVMPRRLSTQ	GVPYSHMMPRRLSTQ	Q7L0R7.1	RING finger protein 44	Homo sapiens	9606	RNF44	1	[7]	266	280	1
GVRLSMPGFHARLGA	GVRQAMPGFHARFGD	A0PJE2.2	Dehydrogenase/reductase SDR family member 12	Homo sapiens	9606	DHRS12	4	[4, 5, 13, 15]	236	250	2
GVSLAALKKALAAAG	GVSLAALKKALAAAG	P10412.2	Histone H1.4	Homo sapiens	9606	H1-4	0	[]	56	70	1
GWRKLPPNLSPTIEY	GWRKLPPNLSPTIEY	P25054.2	Adenomatous polyposis coli protein	Homo sapiens	9606	APC	0	[]	2503	2517	1
GYLHVFYDFGFSNGP	GYLHVFYDFGFSGGP	A0A0A0MQS9.1	Laminin subunit alpha-4	Homo sapiens	9606	LAMA4	1	[13]	1105	1119	1
GYPALYAFSTFFYPK	GYPALHVFSTFFYPK	Q9HC62.3	Sentrin-specific protease 2	Homo sapiens	9606	SENP2	2	[6, 7]	431	445	1
GYYFCSVVSNSILYF	GYYFCSALSNSIMYF	B8ZZZ4.1	T-cell surface glycoprotein CD8 alpha chain	Homo sapiens	9606	CD8A	3	[7, 8, 13]	111	125	1
HDPRVITVSSGGMLV	HDPRVITVSSGGMLV	A0PJE2.2	Dehydrogenase/reductase SDR family member 12	Homo sapiens	9606	DHRS12	0	[]	166	180	2
HGVQIVHSSGELFQE	HGVQIVHSSGELFQE	Q96T58.1	Msx2-interacting protein	Homo sapiens	9606	SPEN	0	[]	3291	3305	1
HIVDLSLPKSVWKFV	HIVDLSDPKQIWKFV	A0PJE2.2	Dehydrogenase/reductase SDR family member 12	Homo sapiens	9606	DHRS12	3	[7, 10, 11]	96	110	2
HKMIAMGSAAALRNL	HKMIAMGSAAALRNL	O95996.1	Adenomatous polyposis coli protein 2	Homo sapiens	9606	APC2	0	[]	680	694	1
HLLRFDEVLYRSSQD	HLLRFDEVLYKSSQD	A0A8I5KP51.1	arginine--tRNA ligase	Homo sapiens	9606	RARS2	1	[11]	501	515	1
HPHLSFMAIPPKKNQ	NLHPSFIAIPPKKIQ	P07498.3	Kappa-casein	Homo sapiens	9606	CSN3	5	[1, 2, 4, 7, 14]	112	126	1
HSRPDIQIQAMRLAE	HSRPDIQVQAKRLAE	A0A8I5KP51.1	arginine--tRNA ligase	Homo sapiens	9606	RARS2	2	[8, 11]	56	70	1
HVGHLRSTIIGNFIA	HVGHLRSTIIGNFIA	A0A8I5KP51.1	arginine--tRNA ligase	Homo sapiens	9606	RARS2	0	[]	141	155	1
HVMPRRLSTQRYRLQ	HMMPRRLSTQRYRLQ	Q7L0R7.1	RING finger protein 44	Homo sapiens	9606	RNF44	1	[2]	271	285	1
IDKVRFLEQQNQVLQ	IDKVRFLEQQNQVLQ	P04264.6	Keratin, type II cytoskeletal 1	Homo sapiens	9606	KRT1	0	[]	195	209	1
IDLLERLKELNLDSS	IDLLERLKELNLDSS	E7EMH9.1	Adenomatous polyposis coli protein	Homo sapiens	9606	APC	0	[]	66	80	1
IDRMEKYNFDKMIYV	IDRMDKYNFDTMIYV	A0A8I5KP51.1	arginine--tRNA ligase	Homo sapiens	9606	RARS2	2	[5, 11]	331	345	1
IEFQQSVSKSQVKPD	IEFQQSVSKSQVKPD	Q96T58.1	Msx2-interacting protein	Homo sapiens	9606	SPEN	0	[]	2845	2859	1
IFLQLKLVVKKGNQT	IFLQLKLVVKKGNQT	Q86VX2.2	COMM domain-containing protein 7	Homo sapiens	9606	COMMD7	0	[]	156	170	1
IFNLTTDNANILIQV	ILNLTTDNANILLQI	A0A1B0GVI3.2	Keratin, type I cytoskeletal 10	Homo sapiens	9606	KRT10	3	[2, 13, 15]	210	224	1
IGGAPPEILQSRTLR	IGGAPPEILQSRALR	A0A0A0MQS9.1	Laminin subunit alpha-4	Homo sapiens	9606	LAMA4	1	[13]	1175	1189	1
IGVNQELAYFYPELF	AGVGEELAYHYARLG	A0A087WWR3.1	Hydroxysteroid 11-beta-dehydrogenase 1-like protein	Homo sapiens	9606	HSD11B1L	7	[1, 4, 5, 10, 12, 13, 15]	86	100	1
IHLSVSTPVTQGGTV	IHLSVSTPVTQGGTV	Q96T58.1	Msx2-interacting protein	Homo sapiens	9606	SPEN	0	[]	2915	2929	1
IISLESSYNDEMLSY	IISLESSYNDEMLSY	P19532.4	Transcription factor E3	Homo sapiens	9606	TFE3	0	[]	268	282	1
IITSVSPARYELIVD	VISSVSPTRYELIVD	A0A0A0MQS9.1	Laminin subunit alpha-4	Homo sapiens	9606	LAMA4	3	[1, 3, 8]	1315	1329	1
ILEECIISAMPTKSS	ILEECIISAMPTKSS	P25054.2	Adenomatous polyposis coli protein	Homo sapiens	9606	APC	0	[]	1574	1588	1
ILIQVDNARLAADDF	ILLQIDNARLAADDF	A0A1B0GVI3.2	Keratin, type I cytoskeletal 10	Homo sapiens	9606	KRT10	2	[3, 5]	220	234	1
ILKASVDYIRKLQKE	ILKASVDYIRKLQKE	P19532.4	Transcription factor E3	Homo sapiens	9606	TFE3	0	[]	388	402	1
INFSTATSLSDLTIE	INFSTATSLSDLTIE	P25054.2	Adenomatous polyposis coli protein	Homo sapiens	9606	APC	0	[]	1649	1663	1
INFYMNLLVERNKRQ	INFYMNLLVERNKKQ	Q9HC62.3	Sentrin-specific protease 2	Homo sapiens	9606	SENP2	1	[14]	416	430	1
INYRIKELGTLIPKS	INYRIKELGTLIPKS	B7Z757.1	Transcription factor EC	Homo sapiens	9606	TFEC	0	[]	245	259	1
IPNKQITASSYYKTW	IPDKQITASSSYKTW	H0YKB5.2	Lactadherin	Homo sapiens	9606	MFGE8	2	[3, 11]	233	247	1
IPSWYMKKKKIRTDS	IPSWYMKKKKIRTDS	Q96T58.1	Msx2-interacting protein	Homo sapiens	9606	SPEN	0	[]	1490	1504	1
IQIQAMRLAEKLKCD	IQVQAKRLAEKLRCD	A0A8I5KP51.1	arginine--tRNA ligase	Homo sapiens	9606	RARS2	3	[3, 6, 13]	61	75	1
IQQIEKDILRIRQLL	IQQIEKDILRIRQLL	E7EMH9.1	Adenomatous polyposis coli protein	Homo sapiens	9606	APC	0	[]	221	235	1
IRANYWQKLVKGILP	IRANYWLKLVKGILP	E9PAR0.1	peptidylprolyl isomerase	Homo sapiens	9606	FKBP11	1	[7]	42	56	1
IRQLLQSQATEAERS	IRQLLQSQATEAERS	E7EMH9.1	Adenomatous polyposis coli protein	Homo sapiens	9606	APC	0	[]	231	245	1
IRVTVTRDQPRRVLP	IRVTVTRDQPRRVLP	Q9HC62.3	Sentrin-specific protease 2	Homo sapiens	9606	SENP2	0	[]	133	147	1
ISAKISQIPPASAMD	ISAKISQIPPASAMD	Q96T58.1	Msx2-interacting protein	Homo sapiens	9606	SPEN	0	[]	2830	2844	1
ISDTNVILSMDNNRN	ISDTNVILSMDNNRS	Q7Z794.3	Keratin, type II cytoskeletal 1b	Homo sapiens	9606	KRT77	1	[15]	314	328	1
ISEKLVLAQKMLEEI	ISEKLVLAQKMLEEI	A0A0A0MQS9.1	Laminin subunit alpha-4	Homo sapiens	9606	LAMA4	0	[]	416	430	1
ISRLRRTVDQLKSDQ	INNLRRRVDQLKSDQ	P04264.6	Keratin, type II cytoskeletal 1	Homo sapiens	9606	KRT1	3	[2, 3, 7]	235	249	1
ISSDHYILHPPPPAP	ISSDHYILHPPPPAP	Q7L0R7.1	RING finger protein 44	Homo sapiens	9606	RNF44	0	[]	176	190	1
ITELRRTIQGLEIEL	ITELRRTLQGLEIEL	K7ERE3.1	Keratin, type I cytoskeletal 13	Homo sapiens	9606	KRT13	1	[8]	321	335	1
ITLRRYAGMALTNLT	ITLRRYAGMALTNLT	P25054.2	Adenomatous polyposis coli protein	Homo sapiens	9606	APC	0	[]	495	509	1
ITSVISRMPVSIDLE	ITSVISRMPVSIDLE	Q96T58.1	Msx2-interacting protein	Homo sapiens	9606	SPEN	0	[]	2618	2632	1
IVKSLLLVPNGALKK	IVKSLLLVPNGALKK	Q86VX2.2	COMM domain-containing protein 7	Homo sapiens	9606	COMMD7	0	[]	71	85	1
IVRYTRKVPQVSTPT	LVRYTKKVPQVSTPT	A0A087WWT3.1	Albumin	Homo sapiens	9606	ALB	2	[1, 6]	219	233	1
IVSYLLTLSHLAAVA	IVSYLLTLSHLAAVA	A0A8I5KPZ0.1	arginine--tRNA ligase	Homo sapiens	9606	RARS2	0	[]	346	360	1
IVWQGLLALKNDTAA	IVWQGLLALKNDTAA	Q96T58.1	Msx2-interacting protein	Homo sapiens	9606	SPEN	0	[]	3507	3521	1
KAEIIRESGNQNIFL	RGEIIRESGNQNIFL	A0PJE2.2	Dehydrogenase/reductase SDR family member 12	Homo sapiens	9606	DHRS12	2	[1, 2]	81	95	2
KALLERAKSLSSSRE	KALLERAKSLSSSRE	Q96T58.1	Msx2-interacting protein	Homo sapiens	9606	SPEN	0	[]	1445	1459	1
KDAFLGSFLYEYSRR	KDVFLGMFLYEYARR	A0A0C4DGB6.1	Albumin	Homo sapiens	9606	ALB	3	[3, 7, 13]	347	361	1
KDFNLLEQTETLGVG	KDFNLLEQTETLGVG	A0A0A0MQS9.1	Laminin subunit alpha-4	Homo sapiens	9606	LAMA4	0	[]	1210	1224	1
KDILRIRQLLQSQAT	KDILRIRQLLQSQAT	E7EMH9.1	Adenomatous polyposis coli protein	Homo sapiens	9606	APC	0	[]	226	240	1
KEEVADFQLSVDSLL	KEEVADFQLSVDSLL	A0A8I5KP51.1	arginine--tRNA ligase	Homo sapiens	9606	RARS2	0	[]	36	50	1
KFDKALKALPMHIRL	DFSSALKALQCHICS	A0A0A0MR87.1	SCL-interrupting locus protein	Homo sapiens	9606	STIL	7	[1, 3, 4, 10, 11, 14, 15]	145	159	1
KFPQYLQYLYQGPIV	PVLQYLYYLAQIPIA	E9PKC5.1	AMP deaminase	Homo sapiens	9606	AMPD3	7	[1, 2, 3, 7, 10, 12, 15]	616	630	1
KFWGKYLYEIARRHP	TFLKKYLYEIARRHP	A0A0C4DGB6.1	Albumin	Homo sapiens	9606	ALB	3	[1, 3, 4]	157	171	1
KFYSFALDKTITPDT	KFYSFALDKTITPDT	Q96T58.1	Msx2-interacting protein	Homo sapiens	9606	SPEN	0	[]	1430	1444	1
KGILPLVGMAMVPAL	KGILPLVGMAMVPAL	E9PAR0.1	peptidylprolyl isomerase	Homo sapiens	9606	FKBP11	0	[]	52	66	1
KHDASRFDVSFPNSI	KQDAGRFDVSFPNSI	Q96T58.1	Msx2-interacting protein	Homo sapiens	9606	SPEN	2	[2, 5]	1345	1359	1
KHYQKALNEINQFYQ	EVSQDELNEINQFLG	A0A7P0T7Z1.1	Complex I assembly factor ACAD9, mitochondrial	Homo sapiens	9606	ACAD9	7	[1, 2, 3, 5, 6, 14, 15]	58	72	1
KIIAEKTKIPAVFKI	KIRIEGTKGEAALKI	A0A0A0MRA3.1	Titin	Homo sapiens	9606	TTN	7	[3, 4, 6, 9, 10, 12, 13]	1557	1571	1
KISQRYQKFALPQYL	KESQRLVGFALRRDL	A0A087WU31.1	Chloride channel protein	Homo sapiens	9606	CLCN3	7	[2, 6, 7, 8, 12, 13, 14]	671	685	1
KKESTLKSVLSALWN	KKESTLKSVLSALWN	P25054.2	Adenomatous polyposis coli protein	Homo sapiens	9606	APC	0	[]	580	594	1
KKFGKVTSVQIHGAS	KKFGKVTSVQIHGTS	Q96T58.1	Msx2-interacting protein	Homo sapiens	9606	SPEN	1	[14]	360	374	1
KKHFQQVFQILQIMG	KKHFQQVFQMLKIMG	A0A8I5KP51.1	arginine--tRNA ligase	Homo sapiens	9606	RARS2	2	[10, 12]	351	365	1
KKLKLDRLNVVPSPK	KKIKLDRLNTVASPK	Q96T58.1	Msx2-interacting protein	Homo sapiens	9606	SPEN	3	[3, 10, 12]	1050	1064	1
KKTLREVGSVKALME	KKTLREVGSVKALME	P25054.2	Adenomatous polyposis coli protein	Homo sapiens	9606	APC	0	[]	560	574	1
KKYLLFCMENSAEPE	KIYLLMCQINSALTS	G3V1P2.1	Chromosome 18 open reading frame 17, isoform CRA_c	Homo sapiens	9606	TTC39C	7	[2, 6, 8, 9, 13, 14, 15]	16	30	1
KLGLKSLVSKGTLVQ	KLGLKSLVSKGTLVQ	P10412.2	Histone H1.4	Homo sapiens	9606	H1-4	0	[]	81	95	1
KLRSKMSLRSYGSRE	KLRSKMSLRSYGSRE	E7EMH9.1	Adenomatous polyposis coli protein	Homo sapiens	9606	APC	0	[]	86	100	1
KLVVKKGNQTENVYI	KLVVKKGNQTENVYI	Q86VX2.2	COMM domain-containing protein 7	Homo sapiens	9606	COMMD7	0	[]	161	175	1
KMDGEYLGNNRLKLG	KMDGEYLGNNRLKLG	Q96T58.1	Msx2-interacting protein	Homo sapiens	9606	SPEN	0	[]	495	509	1
KMIYVTDKGQKKHFQ	TMIYVTDKGQKKHFQ	A0A8I5KP51.1	arginine--tRNA ligase	Homo sapiens	9606	RARS2	1	[1]	341	355	1
KNDNLVYVYNLGTKD	KNDNLVYVYNLGTKD	A0A0A0MQS9.1	Laminin subunit alpha-4	Homo sapiens	9606	LAMA4	0	[]	900	914	1
KPFRVKKIMDQVQQA	KPFRVKKIMDQVQQA	P25054.2	Adenomatous polyposis coli protein	Homo sapiens	9606	APC	0	[]	1739	1753	1
KPREEQFNSTYRVVS	KPREEQFNSTYRVVS	P01861.1	Immunoglobulin heavy constant gamma 4	Homo sapiens	9606	IGHG4	0	[]	170	184	1
KQSELAVTADQFILY	KRPELTETADQFILY	A0A0A0MQS9.1	Laminin subunit alpha-4	Homo sapiens	9606	LAMA4	4	[2, 3, 6, 7]	870	884	1
KQYNDGLSHFIITSV	KQYNDGLSHFVISSV	A0A0A0MQS9.1	Laminin subunit alpha-4	Homo sapiens	9606	LAMA4	2	[11, 13]	1305	1319	1
KRGLQISTTAAQIAK	KRGLQISTTAAQIAK	P25054.2	Adenomatous polyposis coli protein	Homo sapiens	9606	APC	0	[]	875	889	1
KSFGIKVQNLPVRST	KSFGIKVQNLPVRST	Q96T58.1	Msx2-interacting protein	Homo sapiens	9606	SPEN	0	[]	333	347	1
KSLNNQFASFIDKVR	KSLNNQFASFIDKVR	P04264.6	Keratin, type II cytoskeletal 1	Homo sapiens	9606	KRT1	0	[]	185	199	1
KTFTSLSLYMKPPPV	KAFTSLSLYMKPPVK	A0A0A0MQS9.1	Laminin subunit alpha-4	Homo sapiens	9606	LAMA4	3	[2, 14, 15]	856	870	1
KTVYQHQKAMKPWIQ	KTVYRHDKRIKLQIW	O95716.1	Ras-related protein Rab-3D	Homo sapiens	9606	RAB3D	7	[5, 7, 9, 10, 12, 13, 15]	62	76	1
KVEISELNRVIQRLR	KIEISELNRVIQRLR	P04264.6	Keratin, type II cytoskeletal 1	Homo sapiens	9606	KRT1	1	[2]	395	409	1
KVELSRMSSTKSSGS	KVELSRMSSTKSSGS	P25054.2	Adenomatous polyposis coli protein	Homo sapiens	9606	APC	0	[]	2413	2427	1
KVHWSLVAIDLRKRC	KVHWSLVVIDLRKKC	Q9HC62.3	Sentrin-specific protease 2	Homo sapiens	9606	SENP2	2	[8, 14]	476	490	1
KVLASSARQRLRCAS	EGKASSAKQRLKCAS	A0A0C4DGB6.1	Albumin	Homo sapiens	9606	ALB	5	[1, 2, 3, 8, 12]	212	226	1
KVLGSLSFRMSPTQK	KLLGSNSSRMYFTQT	A0A669KBB4.1	DNA mismatch repair protein Mlh1	Homo sapiens	9606	MLH1	6	[2, 6, 8, 11, 12, 15]	333	347	1
KVVFDRLKGMALVLY	KVVFDRLKGMALVLY	Q96T58.1	Msx2-interacting protein	Homo sapiens	9606	SPEN	0	[]	545	559	1
KVYKSLITGKVRSNS	KVYKSLITGKVRSNS	P25054.2	Adenomatous polyposis coli protein	Homo sapiens	9606	APC	0	[]	2193	2207	1
KYHEISIIYHNDKKM	KYHEISIIYHNDKKM	A0A0A0MQS9.1	Laminin subunit alpha-4	Homo sapiens	9606	LAMA4	0	[]	1135	1149	1
KYNFDKMIYVTDKGQ	KYNFDTMIYVTDKGQ	A0A8I5KP51.1	arginine--tRNA ligase	Homo sapiens	9606	RARS2	1	[6]	336	350	1
LAALSIEESKSGLLS	LAALSIEEGKSGVLS	A0A0A0MQS9.1	Laminin subunit alpha-4	Homo sapiens	9606	LAMA4	2	[9, 13]	286	300	1
LACLVALALARELEE	LACLVALALARETIE	P05814.4	Beta-casein	Homo sapiens	9606	CSN2	2	[13, 14]	6	20	1
LAFTQSRAASYFFDG	LAFTQSRAASYFFDG	A0A0A0MQS9.1	Laminin subunit alpha-4	Homo sapiens	9606	LAMA4	0	[]	1040	1054	1
LALALTCGAQALIVT	LALALGGLARAGGVE	A0A2R8Y780.1	Sodium/hydrogen exchanger	Homo sapiens	9606	SLC9A3	7	[6, 7, 8, 10, 12, 13, 15]	15	29	1
LASISNISPHLMIVIASV	LASISNISPHLMIVIASV	Q96T58.1	Msx2-interacting protein	Homo sapiens	9606	SPEN	0	[]	3647	3664	1
LASLVTVDLGAHITK	LASLGTVDLGAHVTK	O14948.1	Transcription factor EC	Homo sapiens	9606	TFEC	2	[5, 13]	235	249	1
LCTLVLTWCAAGYLE	TITLVLKEEASDYLE	A0A087WT78.1	Endoplasmin	Homo sapiens	9606	HSP90B1	7	[1, 2, 7, 8, 9, 11, 12]	246	260	1
LDADSSYFLYSKLRV	LDSDGSFFLYSKLTV	P01857.1	Immunoglobulin heavy constant gamma 1	Homo sapiens	9606	IGHG1	4	[3, 5, 7, 14]	281	295	1
LDASNVYENIANYVS	LDASNVYENIVNYVS	A0A0A0MQS9.1	Laminin subunit alpha-4	Homo sapiens	9606	LAMA4	1	[11]	621	635	1
LDSIIKNASGIYAEI	LDDIIKNASGIYAEI	A0A0A0MQS9.1	Laminin subunit alpha-4	Homo sapiens	9606	LAMA4	1	[3]	551	565	1
LDVEIATYRTLLEGE	LDVEIATYRKLLEGE	O95678.2	Keratin, type II cytoskeletal 75	Homo sapiens	9606	KRT75	1	[10]	444	458	1
LDWDSRFANFRNNKD	LDWDSRFANFRNNKD	Q96T58.1	Msx2-interacting protein	Homo sapiens	9606	SPEN	0	[]	1465	1479	1
LEIELQSQLALKQSL	LEIELQSQLALKQSL	A0A1B0GVI3.2	Keratin, type I cytoskeletal 10	Homo sapiens	9606	KRT10	0	[]	375	389	1
LENPTRYHLQQARRQ	LENPTRYHLQQARRQ	P19532.4	Transcription factor E3	Homo sapiens	9606	TFE3	0	[]	183	197	1
LFASRFLHSSIFEQD	LFASRFLHSSIFEQD	Q96T58.1	Msx2-interacting protein	Homo sapiens	9606	SPEN	0	[]	1525	1539	1
LFEAYISRLRRTVDQ	LFEQYINNLRRQLDS	P02538.3	Keratin, type II cytoskeletal 6A	Homo sapiens	9606	KRT6A	6	[4, 7, 8, 12, 13, 15]	213	227	1
LFFGMQIEVTAWIGP	LFFGMQIEVTAWIGP	Q96T58.1	Msx2-interacting protein	Homo sapiens	9606	SPEN	0	[]	400	414	1
LGEYGFQNALIVRYT	LGEYKFQNALLVRYT	A0A087WWT3.1	Albumin	Homo sapiens	9606	ALB	2	[5, 11]	209	223	1
LGHKIMRNLENTVKE	LTNKLQRNLENVLAE	A0A669KBI5.1	Ninein	Homo sapiens	9606	NIN	7	[2, 3, 5, 6, 12, 13, 14]	500	514	1
LGLCGRRLLAVAATR	FGLSARRLLAAAATR	A0A8I5KQF7.1	NADH dehydrogenase [ubiquinone] 1 beta subcomplex subunit 11, mitochondrial	Homo sapiens	9606	NDUFB11	4	[1, 4, 5, 11]	6	20	1
LGLIGYHLYRKASSP	LGLIGYHLYRKANRP	E9PAR0.1	peptidylprolyl isomerase	Homo sapiens	9606	FKBP11	2	[13, 14]	67	81	1
LGSFTYSTSAPGPTL	LGSFTYSTSAPGPAL	Q7L0R7.1	RING finger protein 44	Homo sapiens	9606	RNF44	1	[14]	231	245	1
LGSTFVAYLPDYRMQ	LGSTFVAYLPDYRMK	Q9NX14.1	NADH dehydrogenase [ubiquinone] 1 beta subcomplex subunit 11, mitochondrial	Homo sapiens	9606	NDUFB11	1	[15]	101	115	1
LGTKVEMVYSLLSML	LGTKVEMVYSLLSML	P25054.2	Adenomatous polyposis coli protein	Homo sapiens	9606	APC	0	[]	308	322	1
LHFDVELIALIRANY	VQYDVELIALIRANY	E9PAR0.1	peptidylprolyl isomerase	Homo sapiens	9606	FKBP11	3	[1, 2, 3]	32	46	1
LIAQTRSVASKIQVS	LIAQTRSVASKIQVS	A0A0A0MQS9.1	Laminin subunit alpha-4	Homo sapiens	9606	LAMA4	0	[]	821	835	1
LIHSKHKMIAMGSAA	LIHSKHKMIAMGSAA	P25054.2	Adenomatous polyposis coli protein	Homo sapiens	9606	APC	0	[]	710	724	1
LIQEPVVLFHSKFME	SIQEPVVLFHSRFME	Q96T58.1	Msx2-interacting protein	Homo sapiens	9606	SPEN	2	[1, 12]	1575	1589	1
LIYQMAPAVSKTEDV	LIYQMAPAVSKTEDV	P25054.2	Adenomatous polyposis coli protein	Homo sapiens	9606	APC	0	[]	2643	2657	1
LKALPMHIRLSFNPT	LVPLPMPKKLRFNIT	A0A7P0T9E7.1	Carnitine O-acetyltransferase	Homo sapiens	9606	CRAT	7	[2, 3, 7, 8, 9, 11, 14]	372	386	1
LKKYPIVWQGLLALK	LKKYPIVWQGLLALK	Q96T58.1	Msx2-interacting protein	Homo sapiens	9606	SPEN	0	[]	3502	3516	1
LKRESKKLKLDRLNV	LKRESKKIKLDRLNT	Q96T58.1	Msx2-interacting protein	Homo sapiens	9606	SPEN	2	[8, 15]	1045	1059	1
LKSGISLGSPFHLTP	LKSGISLGSPFHLTP	P25054.2	Adenomatous polyposis coli protein	Homo sapiens	9606	APC	0	[]	2138	2152	1
LKSVLSALWNLSAHC	LKSVLSALWNLSAHC	P25054.2	Adenomatous polyposis coli protein	Homo sapiens	9606	APC	0	[]	585	599	1
LLALKNDTAAVQLHF	LLALKNDTAAVQLHF	Q96T58.1	Msx2-interacting protein	Homo sapiens	9606	SPEN	0	[]	3512	3526	1
LLDAAKVLGSLSFRM	LLKNFKVLGSLSSSQ	A0A6Q8PGF4.1	Fanconi anemia group I protein	Homo sapiens	9606	FANCI	6	[3, 4, 5, 13, 14, 15]	543	557	1
LLDIKIRLENEIQTY	LLDIKIRLENEIQTY	A0A1B0GVI3.2	Keratin, type I cytoskeletal 10	Homo sapiens	9606	KRT10	0	[]	435	449	1
LLELKMEAEKITRTA	LLELKMEAEKITRTA	Q96T58.1	Msx2-interacting protein	Homo sapiens	9606	SPEN	0	[]	1865	1879	1
LLFSSAYSRGVFRRD	FLFSSAYSRGVFRRD	A0A087WWT3.1	Albumin	Homo sapiens	9606	ALB	1	[1]	11	25	1
LLGLEMAAAVVDLGL	LLGPGKAVAVVGLGL	C9IYB7.1	Sentrin-specific protease 2 (Fragment)	Homo sapiens	9606	SENP2	5	[4, 5, 6, 8, 12]	41	55	1
LLQHLKSHSLTIVSN	LLQHLKSHSLTIVSN	P25054.2	Adenomatous polyposis coli protein	Homo sapiens	9606	APC	0	[]	665	679	1
LLSDYQFSWDRVFQS	LLSDYKFSWDRVFQS	A0A8I5KP51.1	arginine--tRNA ligase	Homo sapiens	9606	RARS2	1	[6]	441	455	1
LMVNGSMFFSLEMRS	LMVNGSMFFRLEMRN	A0A0A0MQS9.1	Laminin subunit alpha-4	Homo sapiens	9606	LAMA4	2	[10, 15]	1090	1104	1
LNDEVINFYMNLLVE	LNDEVINFYMNLLVE	Q9HC62.3	Sentrin-specific protease 2	Homo sapiens	9606	SENP2	0	[]	411	425	1
LNENLLRFFVAPFPE	LIENLLRVGGAPTPR	Q6ZNG2.2	Homeobox protein DBX2	Homo sapiens	9606	DBX2	6	[2, 8, 9, 10, 13, 15]	39	53	2
LNFLKKISQRYQKFA	VNLKKKISKRYDWQA	A0A087WZ11.1	Putative ATP-dependent RNA helicase DHX57	Homo sapiens	9606	DHX57	7	[1, 3, 4, 9, 12, 13, 14]	395	409	1
LNYYQQKPVALINNQ	LKYAEQLPVAQIIHQ	B1AK81.1	GPI-anchor transamidase	Homo sapiens	9606	PIGK	7	[2, 4, 5, 7, 11, 13, 14]	249	263	1
LPPTVMFPPQSVLSL	LPPTVPPPPASLLSP	A0A6Q8PGB6.1	Periaxin (Fragment)	Homo sapiens	9606	PRX	5	[6, 7, 10, 12, 15]	66	80	1
LPQEVLNENLLRFFV	LPFQVLLENPLQFFQ	Q9Y5E7.1	Protocadherin beta-2	Homo sapiens	9606	PCDHB2	6	[3, 4, 7, 10, 12, 15]	106	120	1
LQHGLYYTSRSRSPN	LQHGLYYASRSRSPN	Q96T58.1	Msx2-interacting protein	Homo sapiens	9606	SPEN	1	[8]	178	192	1
LQIMGYDWAERCQHV	LKIMGYDWAERCQHV	A0A8I5KP51.1	arginine--tRNA ligase	Homo sapiens	9606	RARS2	1	[2]	361	375	1
LQPRHIVSYLLTLSH	FQPRHIVSYLLTLSH	A0A8I5KPZ0.1	arginine--tRNA ligase	Homo sapiens	9606	RARS2	1	[1]	341	355	1
LQQVIASVLRNLSWR	LQQVIASVLRNLSWR	P25054.2	Adenomatous polyposis coli protein	Homo sapiens	9606	APC	0	[]	540	554	1
LQYLYQGPIVLNPWD	LQYCTQDPDVLNSLL	P29376.3	Leukocyte tyrosine kinase receptor	Homo sapiens	9606	LTK	7	[4, 5, 7, 9, 13, 14, 15]	777	791	1
LRCASIQKFGERALK	LKCASLQKFGERAFK	A0A0C4DGB6.1	Albumin	Homo sapiens	9606	ALB	3	[2, 6, 14]	222	236	1
LRFFVAPFPEVFGKE	VRFFNRNFPEAMLKE	A0A087WXK5.1	ATP-binding cassette sub-family A member 2	Homo sapiens	9606	ABCA2	7	[1, 5, 6, 7, 11, 12, 13]	2327	2341	1
LRIAQRMRLEASQLE	LRIAQRMRLEATQLE	Q96T58.1	Msx2-interacting protein	Homo sapiens	9606	SPEN	1	[12]	3547	3561	1
LRKILMDPKYVSATG	LRKILMDPKYVSATS	Q96T58.1	Msx2-interacting protein	Homo sapiens	9606	SPEN	1	[15]	2534	2548	1
LRKRCLKYLDSMGQK	LRKKCLKYLDSMGQK	Q9HC62.3	Sentrin-specific protease 2	Homo sapiens	9606	SENP2	1	[4]	486	500	1
LRQQLMRAQAQEQER	LRQQLMRAQAQEQER	P19532.4	Transcription factor E3	Homo sapiens	9606	TFE3	0	[]	116	130	1
LSFRMSPTQKETRLG	LSPETSPYVKEFRDG	A0A0C4DFS1.1	COL11A2	Homo sapiens	9606	COL11A2	7	[3, 4, 5, 8, 9, 12, 14]	1674	1688	1
LSHFTDLSFSAALKE	LSYFTDLSFSAALKE	O14948.1	Transcription factor EC	Homo sapiens	9606	TFEC	1	[3]	286	300	1
LSLILNRLCVLHEKT	LSVVLNQLCVLHEKT	A0A087WWT3.1	Albumin	Homo sapiens	9606	ALB	3	[3, 4, 7]	264	278	1
LSLYMKPPPVKQSEL	LSRKLEPPPVKQAEL	O75815.1	Breast cancer anti-estrogen resistance protein 3	Homo sapiens	9606	BCAR3	5	[3, 4, 5, 6, 13]	811	825	1
LSTNATVMLAAGIPV	LSTNATVMLAAGIPV	Q96T58.1	Msx2-interacting protein	Homo sapiens	9606	SPEN	0	[]	3050	3064	1
LTCLVAVALARPKHP	LTCLVAVALARPKLP	D6RF34.1	Alpha-S1-casein	Homo sapiens	9606	CSN1S1	1	[14]	6	20	1
LTCMVTSFYPDYIAV	LTCLVKGFYPSDIAV	P01857.1	Immunoglobulin heavy constant gamma 1	Homo sapiens	9606	IGHG1	5	[4, 6, 7, 11, 12]	248	262	1
LTERWARAHPAIHFS	LTERWAQGHPAIHFS	A0PJE2.2	Dehydrogenase/reductase SDR family member 12	Homo sapiens	9606	DHRS12	2	[7, 8]	211	225	2
LTLSHLAAVAHRTLH	LTLSHLAAVAHKTLQ	A0A8I5KPZ0.1	arginine--tRNA ligase	Homo sapiens	9606	RARS2	2	[12, 15]	351	365	1
LTYRSQTNTLAIIES	LTYRSQTNTLAIIES	P25054.2	Adenomatous polyposis coli protein	Homo sapiens	9606	APC	0	[]	620	634	1
LVGMAMVPALLGLIG	LVGMAMVPALLGLIG	E9PAR0.1	peptidylprolyl isomerase	Homo sapiens	9606	FKBP11	0	[]	57	71	1
LVLIAFSQYLQQCPF	LVLIAFAQYLQQCPF	A0A087WWT3.1	Albumin	Homo sapiens	9606	ALB	1	[7]	46	60	1
LVTVSSASTTAPKVY	LSQEKSASTTAPKEA	Q9BZH6.1	WD repeat-containing protein 11	Homo sapiens	9606	WDR11	6	[2, 3, 4, 5, 14, 15]	939	953	1
LYNAASLFGFPFQLT	LYNAASLFGFPFQLT	F8WED7.1	Sentrin-specific protease 2	Homo sapiens	9606	SENP2	0	[]	63	77	1
MAAAVVDLGLRITPL	KAVAVVGLGLRIIPL	C9IYB7.1	Sentrin-specific protease 2 (Fragment)	Homo sapiens	9606	SENP2	4	[1, 3, 7, 13]	46	60	1
MAARMLGLCGRRLLA	MAAGLFGLSARRLLA	A0A8I5KQF7.1	NADH dehydrogenase [ubiquinone] 1 beta subcomplex subunit 11, mitochondrial	Homo sapiens	9606	NDUFB11	5	[4, 5, 6, 9, 10]	1	15	1
MACGFRRSIASQLSR	MACGFRRAIACQLSR	A0A8I5KP51.1	arginine--tRNA ligase	Homo sapiens	9606	RARS2	2	[8, 11]	1	15	1
MADMAKIKLSVLNPE	MADMAKIKLSVLNSE	Q96T58.1	Msx2-interacting protein	Homo sapiens	9606	SPEN	1	[14]	1320	1334	1
MALSSAWCAVLPLWL	MALSSAWRSVLPLWL	A0A0A0MQS9.1	Laminin subunit alpha-4	Homo sapiens	9606	LAMA4	2	[8, 9]	1	15	1
MASLLTALILPLALL	MALPVTALLLPLALL	B8ZZZ4.1	T-cell surface glycoprotein CD8 alpha chain	Homo sapiens	9606	CD8A	4	[3, 4, 5, 9]	1	15	1
MDPKYVSATGVTSTS	MDPKYVSATSVTSTS	Q96T58.1	Msx2-interacting protein	Homo sapiens	9606	SPEN	1	[10]	2539	2553	1
METGTYFSTEGGYVV	METGTYFSTEGGYVV	A0A0A0MQS9.1	Laminin subunit alpha-4	Homo sapiens	9606	LAMA4	0	[]	1645	1659	1
MFPPQSVLSLSQSKV	GFPPSSCLSLPSSSD	A0A1W2PPJ5.1	Protein cereblon	Homo sapiens	9606	CRBN	7	[1, 5, 7, 11, 12, 14, 15]	462	476	1
MGLAIKNDNLVYVYN	MGLAIKNDNLVYVYN	A0A0A0MQS9.1	Laminin subunit alpha-4	Homo sapiens	9606	LAMA4	0	[]	895	909	1
MGSAAALRNLMANRP	MGSAAALRNLMANRP	P25054.2	Adenomatous polyposis coli protein	Homo sapiens	9606	APC	0	[]	720	734	1
MHIRLSFNPTQLEEQ	QSDSDSFNPTLWEEQ	A0A075B6E9.1	Leucine-rich repeat-containing protein 7	Homo sapiens	9606	LRRC7	7	[1, 2, 3, 4, 5, 11, 12]	443	457	1
MKCLLLALALTCGAQ	SCALLLALPATRGAQ	O00253.1	Agouti-related protein	Homo sapiens	9606	AGRP	6	[1, 2, 3, 9, 10, 12]	8	22	1
MKFFIFTCLLAVALA	MRLLILTCLVAVALA	D6RF34.1	Alpha-S1-casein	Homo sapiens	9606	CSN1S1	5	[2, 3, 4, 6, 10]	1	15	1
MKFLCVLLLASLAAT	MKFFMVLLPASLAST	Q8IVK1.1	Putative glycosylation-dependent cell adhesion molecule 1	Homo sapiens	9606	GLYCAM1	4	[4, 5, 9, 14]	1	15	5
MKLLILTCLVAVALA	MRLLILTCLVAVALA	D6RF34.1	Alpha-S1-casein	Homo sapiens	9606	CSN1S1	1	[2]	1	15	1
MKNGQVIVKVNNGIR	MKNGQVIVKVNNGIR	A0A0A0MQS9.1	Laminin subunit alpha-4	Homo sapiens	9606	LAMA4	0	[]	1700	1714	1
MKVLILACLVALALA	MKVLILACLVALALA	P05814.4	Beta-casein	Homo sapiens	9606	CSN2	0	[]	1	15	1
MKWVTFISLLLLFSS	MKWVTFISLLFLFSS	A0A087WWT3.1	Albumin	Homo sapiens	9606	ALB	1	[11]	1	15	1
MLEEIRRRQPFLTQR	MLEEIRSRQPFFTQR	A0A0A0MQS9.1	Laminin subunit alpha-4	Homo sapiens	9606	LAMA4	2	[7, 12]	426	440	1
MLLYRSAAWFAKGLR	MSLYRSVVWFAKGLR	A0PJE2.2	Dehydrogenase/reductase SDR family member 12	Homo sapiens	9606	DHRS12	3	[2, 7, 8]	1	15	2
MMKSFFLVVTILALT	RKKSFLLCIGWLALT	A0A0B4J204.1	Prostaglandin E2 receptor EP3 subtype	Homo sapiens	9606	PTGER3	7	[1, 2, 6, 8, 9, 10, 11]	84	98	1
MMSFVSLLLVGILFH	MRFFVPLFLVGILFP	F8VWU1.1	Lactose synthase B protein	Homo sapiens	9606	LALBA	5	[2, 3, 6, 8, 15]	1	15	1
MNPLWTLLFVLSAPI	MNPLLILAFVGAAVA	A0A0J9YYC8.1	Trypsin-2	Homo sapiens	9606	PRSS2	7	[5, 6, 8, 11, 12, 14, 15]	1	15	1
MPGFHARLGARLRSE	MPGFHARFGDRLRSE	A0PJE2.2	Dehydrogenase/reductase SDR family member 12	Homo sapiens	9606	DHRS12	2	[8, 10]	241	255	2
MRDKIQEISSKMLYY	MRDKIQEINNKMLYY	A0A0A0MQS9.1	Laminin subunit alpha-4	Homo sapiens	9606	LAMA4	2	[9, 10]	391	405	1
MSRHFSSRSGYRCGG	MSRQFSSRSGYRSGG	P04264.6	Keratin, type II cytoskeletal 1	Homo sapiens	9606	KRT1	2	[4, 13]	1	15	1
MSVRYSSSKQYSSSR	MSVRYSSSKHYSSSR	A0A1B0GVI3.2	Keratin, type I cytoskeletal 10	Homo sapiens	9606	KRT10	1	[10]	1	15	1
MTLDHQILNQSFKRS	MTLDHQIINPTLKWS	B7Z757.1	Transcription factor EC	Homo sapiens	9606	TFEC	5	[8, 10, 11, 12, 14]	91	105	1
MTLFLAHGRLVFMFN	MTLFLAHGRLVYMFN	A0A0A0MQS9.1	Laminin subunit alpha-4	Homo sapiens	9606	LAMA4	1	[12]	1520	1534	1
MTLRPSLLPLRLLLL	MTLRPSLLPLHLLLL	F8VU90.1	peptidylprolyl isomerase	Homo sapiens	9606	FKBP11	1	[11]	1	15	1
MWLYWRSPPGCHWRR	ERPLWRLPPTCRPRR	A0A3Q5ACI7.1	Leukotriene B4 receptor 2	Homo sapiens	9606	LTB4R2	8	[1, 2, 3, 4, 7, 10, 12, 13]	17	31	1
MYTPLCSSAVAALPA	MYASLGSGPVAPLPA	A0A2Q2SV78.1	Adenomatous polyposis coli protein (Fragment)	Homo sapiens	9606	APC	6	[3, 4, 6, 8, 9, 12]	1	15	1
NALRRSSTTHTHANT	NALRRSSAAHTHSNT	P25054.2	Adenomatous polyposis coli protein	Homo sapiens	9606	APC	3	[8, 9, 13]	920	934	1
NASLRTSSNSLMMPR	NMSLSTSADSLTTPR	A0A0A0MQS9.1	Laminin subunit alpha-4	Homo sapiens	9606	LAMA4	6	[2, 5, 8, 9, 12, 13]	531	545	1
NCLQTLLQHLKSHSL	NCLQTLLQHLKSHSL	P25054.2	Adenomatous polyposis coli protein	Homo sapiens	9606	APC	0	[]	660	674	1
NDHYSITLRRYAGMA	NDHYSITLRRYAGMA	P25054.2	Adenomatous polyposis coli protein	Homo sapiens	9606	APC	0	[]	490	504	1
NDKKMILVVDRRHVK	NDKKMILVVDRRHVK	A0A0A0MQS9.1	Laminin subunit alpha-4	Homo sapiens	9606	LAMA4	0	[]	1145	1159	1
NDPDMRWNKGTILKA	NDPDMRWNKGTILKA	A0A8I5KRZ6.1	Microphthalmia-associated transcription factor	Homo sapiens	9606	MITF	0	[]	320	334	1
NFAESCYRKNGAVRC	NFAESCYRKNGAVRC	A0A0A0MQS9.1	Laminin subunit alpha-4	Homo sapiens	9606	LAMA4	0	[]	141	155	1
NFKHIYNMDPSKSVP	NFKHIYNMDPSTSVP	A0A0A0MQS9.1	Laminin subunit alpha-4	Homo sapiens	9606	LAMA4	1	[12]	1020	1034	1
NFKLPASLNLPGFVG	NFKLPTSLNLPGFVG	A0A0A0MQS9.1	Laminin subunit alpha-4	Homo sapiens	9606	LAMA4	1	[6]	990	1004	1
NFPGVKLRSKMSLRS	NFPGVKLRSKMSLRS	E7EMH9.1	Adenomatous polyposis coli protein	Homo sapiens	9606	APC	0	[]	81	95	1
NGLLRRKMSILETKE	NGLLRRKVSIIETKE	Q9HC62.3	Sentrin-specific protease 2	Homo sapiens	9606	SENP2	2	[8, 11]	336	350	1
NGLVLLMVNGSMFFS	NGLILLMVNGSMFFR	A0A0A0MQS9.1	Laminin subunit alpha-4	Homo sapiens	9606	LAMA4	2	[4, 15]	1085	1099	1
NGQSYIASSQKISFF	NGQSFIASIQKISFF	A0A0A0MQS9.1	Laminin subunit alpha-4	Homo sapiens	9606	LAMA4	2	[5, 9]	1240	1254	1
NIDLNLLEWTHYSMK	NSDLNLLEWTHHSMK	Q9HC62.3	Sentrin-specific protease 2	Homo sapiens	9606	SENP2	2	[2, 12]	521	535	1
NIGLKFEIAFEVRPR	NIGLKFEIAFEVRPR	A0A0A0MQS9.1	Laminin subunit alpha-4	Homo sapiens	9606	LAMA4	0	[]	1665	1679	1
NKIKVDFANRESQLA	NKIKVDFANRESQLA	Q96T58.1	Msx2-interacting protein	Homo sapiens	9606	SPEN	0	[]	580	594	1
NKVLVLDTDYKKYLL	MKVLVLSQDYGKHLL	A0A087WUZ3.1	Spectrin beta chain	Homo sapiens	9606	SPTBN1	5	[1, 7, 8, 11, 13]	547	561	1
NLIERRRRYNINYRI	NLIERRRRYNINYRI	B7Z757.1	Transcription factor EC	Homo sapiens	9606	TFEC	0	[]	235	249	1
NLQLNGASITSASQT	NLQLNGASITSASQT	A0A0A0MQS9.1	Laminin subunit alpha-4	Homo sapiens	9606	LAMA4	0	[]	1620	1634	1
NLSWRADVNSKKTLR	NLSWRADVNSKKTLR	P25054.2	Adenomatous polyposis coli protein	Homo sapiens	9606	APC	0	[]	550	564	1
NMRVVFFFGFSIVLV	NMRLVFFFGVSIILV	A0A8I5KQF7.1	NADH dehydrogenase [ubiquinone] 1 beta subcomplex subunit 11, mitochondrial	Homo sapiens	9606	NDUFB11	3	[4, 10, 13]	86	100	1
NNSRIKLGLKSLVSK	NNSRIKLGLKSLVSK	P10412.2	Histone H1.4	Homo sapiens	9606	H1-4	0	[]	76	90	1
NNTTDLIQEPVVLFH	NSTTDSIQEPVVLFH	Q96T58.1	Msx2-interacting protein	Homo sapiens	9606	SPEN	2	[2, 6]	1570	1584	1
NQFYQKFPQYLQYLY	FSMYQSFVQFLQYYY	A0A087X266.1	Ion channel TACAN	Homo sapiens	9606	TMEM120A	7	[1, 2, 3, 6, 8, 10, 14]	226	240	1
NQISLGPLRSIVKSL	NQISLGSLRSIVKSL	Q86VX2.2	COMM domain-containing protein 7	Homo sapiens	9606	COMMD7	1	[7]	61	75	1
NQKITMQNLNDRLAS	NEKITMQNLNDRLAS	K7ERE3.1	Keratin, type I cytoskeletal 13	Homo sapiens	9606	KRT13	1	[2]	103	117	1
NQLVLTPSIVTTNKK	NQLVLTPSIVTTNKK	Q96T58.1	Msx2-interacting protein	Homo sapiens	9606	SPEN	0	[]	2945	2959	1
NQVLQTKWELLQQIN	NQVLQTKWELLQQMN	P35908.2	Keratin, type II cytoskeletal 2 epidermal	Homo sapiens	9606	KRT2	1	[14]	203	217	1
NSQKITLAKPAPQTL	NSQKITLAKPAPQTL	Q96T58.1	Msx2-interacting protein	Homo sapiens	9606	SPEN	0	[]	2633	2647	1
NTKLALDVEIATYRT	NTKLALDLEIATYRT	P04264.6	Keratin, type II cytoskeletal 1	Homo sapiens	9606	KRT1	1	[8]	470	484	1
NTVKETIKYLKSLFS	NLSKETKTILKSSLS	A0A494C0M1.1	DNA mismatch repair protein	Homo sapiens	9606	MSH6	7	[2, 3, 7, 8, 9, 13, 14]	501	515	1
NVQINSVYSFSGCLS	NVQINSIYSFSGCLS	A0A0A0MQS9.1	Laminin subunit alpha-4	Homo sapiens	9606	LAMA4	1	[7]	1605	1619	1
NWSQNLQSFDSSAYN	NWSQNLQHFDSSAYN	A0A0A0MQS9.1	Laminin subunit alpha-4	Homo sapiens	9606	LAMA4	1	[8]	761	775	1
NYWLAHKALCSEKLD	DYWLAHKALCTEKLE	P00709.1	Alpha-lactalbumin	Homo sapiens	9606	LALBA	3	[1, 11, 15]	121	135	1
PADSAQLLSLNSLLP	PADSAQLLSLNSLLP	P19532.4	Transcription factor E3	Homo sapiens	9606	TFE3	0	[]	31	45	1
PAGPVNVLKGPVNVL	PAGPVNVLKGPVNVL	Q96T58.1	Msx2-interacting protein	Homo sapiens	9606	SPEN	0	[]	2686	2700	1
PAQILQWQVLSNTVP	MQQILQQQVLSPQQL	A0A0B4J2F3.2	Forkhead box protein P1	Homo sapiens	9606	FOXP1	7	[1, 2, 7, 12, 13, 14, 15]	12	26	1
PAVCVLMKLSFDEEH	PAVCVLMKLSFDEEH	P25054.2	Adenomatous polyposis coli protein	Homo sapiens	9606	APC	0	[]	448	462	1
PDSFYELKSPPLSLR	PDSFYELKSQPLPLR	P19532.4	Transcription factor E3	Homo sapiens	9606	TFE3	2	[10, 13]	61	75	1
PEHYVQETPLMFSRC	PEHYVQETPLMFSRC	P25054.2	Adenomatous polyposis coli protein	Homo sapiens	9606	APC	0	[]	1373	1387	1
PEILQSRTLRAHLPL	PEILQSRALRAHLPL	A0A0A0MQS9.1	Laminin subunit alpha-4	Homo sapiens	9606	LAMA4	1	[8]	1180	1194	1
PENLIKSISAVPISR	PENLITSISAVPISQ	A0A8I5KP51.1	arginine--tRNA ligase	Homo sapiens	9606	RARS2	2	[6, 15]	21	35	1
PEVAGARLHLFRAVR	PEVAGARLHLFKAVR	A0A8I5KP51.1	arginine--tRNA ligase	Homo sapiens	9606	RARS2	1	[12]	576	590	1
PFGVVQGMKTRRGDV	PFGVVQGMKTRRGDV	A0A8I5KP51.1	arginine--tRNA ligase	Homo sapiens	9606	RARS2	0	[]	376	390	1
PFIQKDVELRIMPPV	PFIQKDVELRIMPPV	P25054.2	Adenomatous polyposis coli protein	Homo sapiens	9606	APC	0	[]	1514	1528	1
PFQARFVRIQPVAWH	PILARYVRILPVAWH	H0YKB5.2	Lactadherin	Homo sapiens	9606	MFGE8	4	[2, 3, 6, 10]	353	367	1
PFQLTTKPMVTSACN	PFQLTTKPMVTSACN	F8WED7.1	Sentrin-specific protease 2	Homo sapiens	9606	SENP2	0	[]	73	87	1
PFTSNKGPRILKPGE	PFTSNKGPRILKPGE	P25054.2	Adenomatous polyposis coli protein	Homo sapiens	9606	APC	0	[]	2158	2172	1
PGPTLSASVPMHYLP	PGPALSPSVPLHYLP	Q7L0R7.1	RING finger protein 44	Homo sapiens	9606	RNF44	3	[4, 7, 11]	241	255	1
PICFSRCSSLSSLSS	PICFSRCSSLSSLSS	P25054.2	Adenomatous polyposis coli protein	Homo sapiens	9606	APC	0	[]	1268	1282	1
PIGSPRVMSIRGSPK	PIGSPRLLSVKGSPK	Q96T58.1	Msx2-interacting protein	Homo sapiens	9606	SPEN	4	[7, 8, 10, 11]	1275	1289	1
PIQAFLLYQEPVLGP	PVQALLLNQELLLNP	P05814.4	Beta-casein	Homo sapiens	9606	CSN2	6	[2, 5, 8, 11, 12, 14]	192	206	1
PKLPLSILKEKHLRN	LTDPLEALKEKYLRP	A0A0C3SFZ7.1	Histone-lysine N-methyltransferase MECOM	Homo sapiens	9606	MECOM	7	[1, 2, 3, 6, 7, 12, 15]	649	663	1
PLALLLLDAAKVLGS	PLALLLLLAALVAPA	Q8WWX9.3	Selenoprotein M	Homo sapiens	9606	SELENOM	5	[8, 11, 13, 14, 15]	7	21	1
PLSLRSSLPISLQAT	PLPLRSSLPISLQAT	P19532.4	Transcription factor E3	Homo sapiens	9606	TFE3	1	[3]	71	85	1
PPHSITQTVSLSHLS	PPHSITQTVSLSHLS	Q96T58.1	Msx2-interacting protein	Homo sapiens	9606	SPEN	0	[]	3080	3094	1
PQFISSIHPEQSVIM	PQFISSIHPEQSVIM	Q96T58.1	Msx2-interacting protein	Homo sapiens	9606	SPEN	0	[]	3065	3079	1
PQRDMPIQAFLLYQE	PQRAVPVQALLLNQE	P05814.4	Beta-casein	Homo sapiens	9606	CSN2	5	[4, 5, 7, 10, 13]	187	201	1
PSLHVRKQKALEAEL	PSLHVRKQKALEAEL	P25054.2	Adenomatous polyposis coli protein	Homo sapiens	9606	APC	0	[]	750	764	1
PSQLPVYKLLPSQNR	PSQLPVYKLLPSQNR	P25054.2	Adenomatous polyposis coli protein	Homo sapiens	9606	APC	0	[]	1609	1623	1
PTFLMYLSAQRVKLA	PTFLLYLSQNKPKAA	B8ZZZ4.1	T-cell surface glycoprotein CD8 alpha chain	Homo sapiens	9606	CD8A	6	[5, 9, 10, 11, 12, 14]	67	81	1
PTPGLLSLAATSASD	PTPGLLSLATTSASD	P19532.4	Transcription factor E3	Homo sapiens	9606	TFE3	1	[10]	443	457	1
PVAWHNRITLRVELL	PVAWHNRIALRLELL	H0YKB5.2	Lactadherin	Homo sapiens	9606	MFGE8	2	[9, 12]	363	377	1
PVCFSRNSSLSSLSI	PVCFSRNSSLSSLSI	P25054.2	Adenomatous polyposis coli protein	Homo sapiens	9606	APC	0	[]	2018	2032	1
PVLVHNQLVLTPSIV	PVLVHNQLVLTPSIV	Q96T58.1	Msx2-interacting protein	Homo sapiens	9606	SPEN	0	[]	2940	2954	1
PVVVPPFLQPEVMGV	PAVVLPVPQPEIMEV	P05814.4	Beta-casein	Homo sapiens	9606	CSN2	6	[2, 5, 7, 8, 12, 14]	87	101	1
PVVVTHGVQIVHSSG	PVVVTHGVQIVHSSG	Q96T58.1	Msx2-interacting protein	Homo sapiens	9606	SPEN	0	[]	3286	3300	1
PYFLSMLPMSPTAMG	PYFLSMLPMSPTAMG	Q7L0R7.1	RING finger protein 44	Homo sapiens	9606	RNF44	0	[]	306	320	1
QALALWQKFRDLSID	QALSLWQKFRDLSIE	A0A8I5KP51.1	arginine--tRNA ligase	Homo sapiens	9606	RARS2	2	[4, 15]	236	250	1
QARRQQVKQYLSTTL	QARRQQVKQYLSTTL	P19532.4	Transcription factor E3	Homo sapiens	9606	TFE3	0	[]	193	207	1
QDKIHPFAQTQSLVY	QDKIYPSFQPQPLIY	P05814.4	Beta-casein	Homo sapiens	9606	CSN2	6	[5, 7, 8, 10, 12, 14]	52	66	1
QELELQAQIHGLPVP	QELELQAQIHGLPVP	P19532.4	Transcription factor E3	Homo sapiens	9606	TFE3	0	[]	428	442	1
QELILVPIHRKVHWS	QEIILVPIHRKVHWS	Q9HC62.3	Sentrin-specific protease 2	Homo sapiens	9606	SENP2	1	[3]	466	480	1
QEPQSVSILQHLLRF	QEPQSVSILQHLLRF	A0A8I5KP51.1	arginine--tRNA ligase	Homo sapiens	9606	RARS2	0	[]	491	505	1
QERQELFASRFLHSS	QERQELFASRFLHSS	Q96T58.1	Msx2-interacting protein	Homo sapiens	9606	SPEN	0	[]	1520	1534	1
QETPLMFSRCTSVSS	QETPLMFSRCTSVSS	P25054.2	Adenomatous polyposis coli protein	Homo sapiens	9606	APC	0	[]	1378	1392	1
QFASFIDKVRFLEQQ	QFASFIDKVRFLEQQ	P04264.6	Keratin, type II cytoskeletal 1	Homo sapiens	9606	KRT1	0	[]	190	204	1
QFILYLGSKNAKKEY	QFILYLGSKNAKKEY	A0A0A0MQS9.1	Laminin subunit alpha-4	Homo sapiens	9606	LAMA4	0	[]	880	894	1
QFNSTYRVVSALRIQ	QFNSTYRVVSVLTVL	P01861.1	Immunoglobulin heavy constant gamma 4	Homo sapiens	9606	IGHG4	4	[11, 13, 14, 15]	175	189	1
QHIRTKSSRLQASGL	QHPRTKSSRLQGSSL	P25054.2	Adenomatous polyposis coli protein	Homo sapiens	9606	APC	3	[3, 12, 14]	1328	1342	1
QKPVALINNQFLPYP	SDPTALLTSQFLPYF	Q15911.2	Zinc finger homeobox protein 3	Homo sapiens	9606	ZFHX3	7	[1, 2, 4, 7, 8, 9, 15]	3297	3311	1
QKRVTGIITQGARDF	SKEVTGIITQGARNF	H0YKB5.2	Lactadherin	Homo sapiens	9606	MFGE8	3	[1, 3, 14]	288	302	1
QLKTVMENFVAFVDK	QLKAVMDDFAAFVEK	A0A087WWT3.1	Albumin	Homo sapiens	9606	ALB	5	[4, 7, 8, 10, 14]	354	368	1
QLLSLNSLLPESGIV	QLLSLNSLLPESGIV	P19532.4	Transcription factor E3	Homo sapiens	9606	TFE3	0	[]	36	50	1
QLNQLSAQQFSALTE	QLNQLGAQQFSALTE	Q86VX2.2	COMM domain-containing protein 7	Homo sapiens	9606	COMMD7	1	[6]	21	35	1
QLQNLTKRIDSLPLT	QLQNLTKRIDSLPLT	E7EMH9.1	Adenomatous polyposis coli protein	Homo sapiens	9606	APC	0	[]	161	175	1
QNIFLHIVDLSLPKS	QNIFLHIVDLSDPKQ	A0PJE2.2	Dehydrogenase/reductase SDR family member 12	Homo sapiens	9606	DHRS12	2	[12, 15]	91	105	2
QPIDYSLKYTTDIPS	QPIDYSLKYATDIPS	P25054.2	Adenomatous polyposis coli protein	Homo sapiens	9606	APC	1	[10]	1175	1189	1
QQMEMEIAKSEKFGS	QQMEMEIAKSEKFGS	Q96T58.1	Msx2-interacting protein	Homo sapiens	9606	SPEN	0	[]	1180	1194	1
QRIRELIAQTRSVAS	QRIRELIAQTRSVAS	A0A0A0MQS9.1	Laminin subunit alpha-4	Homo sapiens	9606	LAMA4	0	[]	816	830	1
QRQYNDTRSLFPVVL	QRLHNETRTLFPVVL	A0A0A0MQS9.1	Laminin subunit alpha-4	Homo sapiens	9606	LAMA4	4	[3, 4, 6, 9]	461	475	1
QSQLALKQSLEASLA	QSQLALKQSLEASLA	A0A1B0GVI3.2	Keratin, type I cytoskeletal 10	Homo sapiens	9606	KRT10	0	[]	380	394	1
QSVIMPPHSITQTVS	QSVIMPPHSITQTVS	Q96T58.1	Msx2-interacting protein	Homo sapiens	9606	SPEN	0	[]	3075	3089	1
QTMKGLDIQKVAGTW	QTKQDLELPKLAGTW	A6XNE0.1	Glycodelin	Homo sapiens	9606	PAEP	7	[3, 4, 5, 7, 8, 9, 11]	23	37	1
QTNTLAIIESGGGIL	QTNTLAIIESGGGIL	P25054.2	Adenomatous polyposis coli protein	Homo sapiens	9606	APC	0	[]	625	639	1
QVGLAALIIQDFRGF	RVGLAALIIQDFKGL	A0A8I5KP51.1	arginine--tRNA ligase	Homo sapiens	9606	RARS2	3	[1, 13, 15]	426	440	1
QVKQYLSTTLGPKLA	QVKQYLSTTLGPKLA	P19532.4	Transcription factor E3	Homo sapiens	9606	TFE3	0	[]	198	212	1
QVKTSLYNAASLFGF	QVKNSLYNAASLFGF	F8WED7.1	Sentrin-specific protease 2	Homo sapiens	9606	SENP2	1	[4]	58	72	1
QYVLRKIQINNAENT	QYALRKIQINNAENT	A0A0A0MQS9.1	Laminin subunit alpha-4	Homo sapiens	9606	LAMA4	1	[3]	331	345	1
RCQHVPFGVVQGMKT	RCQHVPFGVVQGMKT	A0A8I5KP51.1	arginine--tRNA ligase	Homo sapiens	9606	RARS2	0	[]	371	385	1
RDKPITFTQVLSCQK	RDKPITFTQHQMPLF	Q9HC62.3	Sentrin-specific protease 2	Homo sapiens	9606	SENP2	6	[10, 11, 12, 13, 14, 15]	561	575	1
RFDVSFPNSIIKRDS	RFDVSFPNSIIKRDS	Q96T58.1	Msx2-interacting protein	Homo sapiens	9606	SPEN	0	[]	1350	1364	1
RGDTGVFLQYTHARL	RGDTGVFLQYTHARL	A0A8I5KP51.1	arginine--tRNA ligase	Homo sapiens	9606	RARS2	0	[]	456	470	1
RHFCRYGPVVKVVFD	RHFCRYGPVVKVVFD	Q96T58.1	Msx2-interacting protein	Homo sapiens	9606	SPEN	0	[]	535	549	1
RIVVEFSSPNVAKKF	KIVVEFSSPNVAKKF	A0A8I5KP51.1	arginine--tRNA ligase	Homo sapiens	9606	RARS2	1	[1]	126	140	1
RLKLGFGKSMPTNCV	RLKLGFGKSMPTNCV	Q96T58.1	Msx2-interacting protein	Homo sapiens	9606	SPEN	0	[]	505	519	1
RLLLLLLLLLRGAVC	RLLLLLLLPLLGKVA	A0A087WWB1.1	Proto-oncogene tyrosine-protein kinase receptor Ret	Homo sapiens	9606	RET	4	[9, 11, 13, 15]	12	26	1
RLLLRIQELEIQARA	RLLLRIQELEIQART	O14948.1	Transcription factor EC	Homo sapiens	9606	TFEC	1	[15]	215	229	1
RLLRDYQELMNTKLA	RLLRDYQELMNTKLA	P04264.6	Keratin, type II cytoskeletal 1	Homo sapiens	9606	KRT1	0	[]	460	474	1
RLNDAMKRLQAAERG	RLSDAVKQLQAAERG	A0A0A0MQS9.1	Laminin subunit alpha-4	Homo sapiens	9606	LAMA4	3	[3, 6, 8]	711	725	1
RLRMLQNMASIKTTK	QLRMLQNMASIKTTK	A0A8I5KP51.1	arginine--tRNA ligase	Homo sapiens	9606	RARS2	1	[1]	401	415	1
RLSTQRYRLQQPLPP	RLSTQRYRLQQPLPP	Q7L0R7.1	RING finger protein 44	Homo sapiens	9606	RNF44	0	[]	276	290	1
RLVPIICHRGCTLRF	RLYPTSCHTACTLRF	A0A8Q3SI86.1	Lactadherin	Homo sapiens	9606	MFGE8	5	[3, 5, 6, 9, 10]	206	220	1
RNIFQRFGEIVDIDI	RNIFQRFGEIVDIDI	Q96T58.1	Msx2-interacting protein	Homo sapiens	9606	SPEN	0	[]	455	469	1
RNYHWLNDEVINFYM	KNYHWLNDEVINFYM	Q9HC62.3	Sentrin-specific protease 2	Homo sapiens	9606	SENP2	1	[1]	406	420	1
RPIERSQSPVHLRRP	RPIERSQSPVHLRRP	Q96T58.1	Msx2-interacting protein	Homo sapiens	9606	SPEN	0	[]	720	734	1
RQFQFIQVAGRSGDK	GQFQVIQVQNPSGSV	A0A3B3IRW4.1	Transcription factor Sp4	Homo sapiens	9606	SP4	7	[1, 5, 9, 10, 11, 14, 15]	132	146	1
RQFYQLDAYPSGAWY	TLFRLLDAKPSGAAY	H9KVB3.2	Otogelin	Homo sapiens	9606	OTOG	6	[1, 2, 4, 5, 9, 14]	1380	1394	1
RQKKLEQANRRLLLR	RQKKLEQANRRLLLR	B7Z757.1	Transcription factor EC	Homo sapiens	9606	TFEC	0	[]	295	309	1
RQQVVLTERWARAHP	RQQVVLTERWAQGHP	A0PJE2.2	Dehydrogenase/reductase SDR family member 12	Homo sapiens	9606	DHRS12	2	[12, 13]	206	220	2
RRITRIQQIEKDILR	RRIARIQQIEKDILR	E7EMH9.1	Adenomatous polyposis coli protein	Homo sapiens	9606	APC	1	[4]	216	230	1
RRLLAVAATRGLPAA	RRLLAAAATRGLPAA	A0A8I5KQF7.1	NADH dehydrogenase [ubiquinone] 1 beta subcomplex subunit 11, mitochondrial	Homo sapiens	9606	NDUFB11	1	[6]	11	25	1
RRRNVRSVYATMGDH	RRRNVRSVYATMGDH	Q96T58.1	Msx2-interacting protein	Homo sapiens	9606	SPEN	0	[]	1900	1914	1
RRRYNINYRIKELGT	RRRYNINYRIKELGT	B7Z757.1	Transcription factor EC	Homo sapiens	9606	TFEC	0	[]	240	254	1
RRSIASQLSRVLDLP	RRAIACQLSRVLNLP	A0A8I5KP51.1	arginine--tRNA ligase	Homo sapiens	9606	RARS2	3	[3, 6, 13]	6	20	1
RRVIIPSHLAYGKRG	RRAIIPSHLAYGKRG	E9PAR0.1	peptidylprolyl isomerase	Homo sapiens	9606	FKBP11	1	[3]	7	21	1
RSTIIGNFIANLKEA	RSTIIGNFIANLKEA	A0A8I5KP51.1	arginine--tRNA ligase	Homo sapiens	9606	RARS2	0	[]	146	160	1
RSVASKIQVSMMFDG	RSVASKIQVSMMFDG	A0A0A0MQS9.1	Laminin subunit alpha-4	Homo sapiens	9606	LAMA4	0	[]	826	840	1
RTMIHIPGVRNSSSS	RTMIHIPGVRNSSSS	P25054.2	Adenomatous polyposis coli protein	Homo sapiens	9606	APC	0	[]	2228	2242	1
RVMSIRGSPKLDDKG	TVMSPSGNPQLDSKF	A0A804HI55.1	B-cell CLL/lymphoma 9 protein	Homo sapiens	9606	BCL9	7	[1, 5, 6, 8, 10, 13, 15]	32	46	1
RVRWESSSSRAVIAP	RVRWESSFSRTVVAP	A0A8I5KQF7.1	NADH dehydrogenase [ubiquinone] 1 beta subcomplex subunit 11, mitochondrial	Homo sapiens	9606	NDUFB11	3	[8, 11, 13]	26	40	1
RWHRITVIRDSNVVQ	RWHRITVIRDSNVVQ	A0A0A0MQS9.1	Laminin subunit alpha-4	Homo sapiens	9606	LAMA4	0	[]	1730	1744	1
RWNKGTILKASVEYI	RWNKGTILKASVEYI	B7Z757.1	Transcription factor EC	Homo sapiens	9606	TFEC	0	[]	265	279	1
RYGRVESVKILPKRG	RYGRVESVKILPKRG	Q96T58.1	Msx2-interacting protein	Homo sapiens	9606	SPEN	0	[]	28	42	1
RYHLQQARRQQVKQY	RYHLQQARRQQVKQY	P19532.4	Transcription factor E3	Homo sapiens	9606	TFE3	0	[]	188	202	1
SAFKLRITRGDIQTL	SAFKLRITRGDIQTL	Q9HC62.3	Sentrin-specific protease 2	Homo sapiens	9606	SENP2	0	[]	391	405	1
SALTEVLFHFLTEPK	SALTEVLFHFLTEPK	Q86VX2.2	COMM domain-containing protein 7	Homo sapiens	9606	COMMD7	0	[]	31	45	1
SARQRLRCASIQKFG	SAKQRLKCASLQKFG	A0A0C4DGB6.1	Albumin	Homo sapiens	9606	ALB	3	[3, 7, 11]	217	231	1
SCISMRQSGCLPLLI	SCISMRQSGCLPLLI	P25054.2	Adenomatous polyposis coli protein	Homo sapiens	9606	APC	0	[]	343	357	1
SDPLLSSVSPAVSKA	SDPLLSSVSPAVSKA	P19532.4	Transcription factor E3	Homo sapiens	9606	TFE3	0	[]	548	562	1
SDYPKIRVTVTRDQP	SDYPKIRVTVTRDQP	Q9HC62.3	Sentrin-specific protease 2	Homo sapiens	9606	SENP2	0	[]	128	142	1
SELITKAVAASKERS	SELITKAVAASKERS	P10412.2	Histone H1.4	Homo sapiens	9606	H1-4	0	[]	41	55	1
SESEDLQQVIASVLR	SESEDLQQVIASVLR	P25054.2	Adenomatous polyposis coli protein	Homo sapiens	9606	APC	0	[]	535	549	1
SEVLVMQSEYRLHPY	SEVLVMQSEYRLHPY	Q96T58.1	Msx2-interacting protein	Homo sapiens	9606	SPEN	0	[]	3175	3189	1
SEWLQIDLGSQKRVT	NEWLQIDLGEEKIVR	E7EX60.1	Neuropilin-1	Homo sapiens	9606	NRP1	5	[1, 10, 11, 13, 15]	482	496	1
SGCLSNLQLNGASIT	SGCLSNLQLNGASIT	A0A0A0MQS9.1	Laminin subunit alpha-4	Homo sapiens	9606	LAMA4	0	[]	1615	1629	1
SGGSFISSGGRASST	SGGSGSSSGSSGSSS	A0A087X1T2.1	Sterol regulatory element-binding protein 2	Homo sapiens	9606	SREBF2	6	[5, 6, 10, 11, 12, 15]	27	41	1
SGLLSVSSGAAAHRH	SGVLSVSSGAAAHRH	A0A0A0MQS9.1	Laminin subunit alpha-4	Homo sapiens	9606	LAMA4	1	[3]	296	310	1
SGLYSLSSMVTVPGS	SGLYSLSSVVTVPSS	P01857.1	Immunoglobulin heavy constant gamma 1	Homo sapiens	9606	IGHG1	2	[9, 14]	60	74	1
SHCQLSNSPRAIEHA	SHCHLSNSPRAIEHA	A0A0A0MQS9.1	Laminin subunit alpha-4	Homo sapiens	9606	LAMA4	1	[4]	1455	1469	1
SHLSRLAPDLLASIS	SHLSRLAPDLLASIS	Q96T58.1	Msx2-interacting protein	Homo sapiens	9606	SPEN	0	[]	3637	3651	1
SIIYHNDKKMILVVD	SIIYHNDKKMILVVD	A0A0A0MQS9.1	Laminin subunit alpha-4	Homo sapiens	9606	LAMA4	0	[]	1140	1154	1
SILYFSNFVPVFLPA	SIMYFSHFVPVFLPA	P01732.1	T-cell surface glycoprotein CD8 alpha chain	Homo sapiens	9606	CD8A	2	[3, 7]	121	135	1
SIVLVLGSTFVAYLP	SIILVLGSTFVAYLP	A0A8I5KQF7.1	NADH dehydrogenase [ubiquinone] 1 beta subcomplex subunit 11, mitochondrial	Homo sapiens	9606	NDUFB11	1	[3]	96	110	1
SLFGFPFQLTTKPMV	SLFGFPFQLTTKPMV	F8WED7.1	Sentrin-specific protease 2	Homo sapiens	9606	SENP2	0	[]	68	82	1
SLINLGGSKSISISV	SLVNLGGSKSISISV	P04264.6	Keratin, type II cytoskeletal 1	Homo sapiens	9606	KRT1	1	[3]	66	80	1
SLKYTTDIPSSQKPA	SLKYATDIPSSQKQS	P25054.2	Adenomatous polyposis coli protein	Homo sapiens	9606	APC	3	[5, 14, 15]	1180	1194	1
SLLDAQSAPLRVYVE	ALLLAVSAPLRLQAE	Q8N8Z6.2	Discoidin, CUB and LCCL domain-containing protein 1	Homo sapiens	9606	DCBLD1	6	[1, 4, 6, 12, 13, 14]	21	35	1
SLLLVGILFHATQAE	PLFLVGILFPAILAK	F8VWU1.1	Lactose synthase B protein	Homo sapiens	9606	LALBA	6	[1, 3, 10, 12, 13, 15]	6	20	1
SLLPLRLLLLLLLLL	SLWPLLLLLLLLLLL	Q7RTU9.1	Stereocilin	Homo sapiens	9606	STRC	2	[3, 6]	4	18	2
SMDDLKTFTSLSLYM	SMDDLKAFTSLSLYM	A0A0A0MQS9.1	Laminin subunit alpha-4	Homo sapiens	9606	LAMA4	1	[7]	851	865	1
SMFFSLEMRSGYLHV	SMFFRLEMRNGYLHV	A0A0A0MQS9.1	Laminin subunit alpha-4	Homo sapiens	9606	LAMA4	2	[5, 10]	1095	1109	1
SMLKNLIHSKHKMIA	SMLKNLIHSKHKMIA	P25054.2	Adenomatous polyposis coli protein	Homo sapiens	9606	APC	0	[]	705	719	1
SNFVPVFLPAKPATT	SHFVPVFLPAKPTTT	P01732.1	T-cell surface glycoprotein CD8 alpha chain	Homo sapiens	9606	CD8A	2	[2, 13]	126	140	1
SPARYELIVDKSRLG	SPTRYELIVDKSRVG	A0A0A0MQS9.1	Laminin subunit alpha-4	Homo sapiens	9606	LAMA4	2	[3, 14]	1320	1334	1
SPFNYNPSPRKSSTD	TPFNYNPSPRKSSAD	P25054.2	Adenomatous polyposis coli protein	Homo sapiens	9606	APC	2	[1, 14]	2782	2796	1
SQETYKQEKNMAINP	SQSTYKDPNNLAFNE	O43451.6	Maltase-glucoamylase	Homo sapiens	9606	MGAM	7	[3, 7, 8, 9, 11, 13, 15]	887	901	1
SQEVLKLLDSKGLLQ	SQEVLKLLESKGLLL	A0A8I5KP51.1	arginine--tRNA ligase	Homo sapiens	9606	RARS2	2	[9, 15]	276	290	1
SQRPVDMVQLLKKYP	SQRPVDMVQLLKKYP	Q96T58.1	Msx2-interacting protein	Homo sapiens	9606	SPEN	0	[]	3492	3506	1
SRAASYFFDGSSYAI	SRAASYFFDGSGYAV	A0A0A0MQS9.1	Laminin subunit alpha-4	Homo sapiens	9606	LAMA4	2	[12, 15]	1045	1059	1
SRTLRAHLPLDINFR	SRALRAHLPLDINFR	A0A0A0MQS9.1	Laminin subunit alpha-4	Homo sapiens	9606	LAMA4	1	[3]	1185	1199	1
SSLPISLQATPATPA	SSLPISLQATPATPA	P19532.4	Transcription factor E3	Homo sapiens	9606	TFE3	0	[]	76	90	1
SSLSALSLDEPFIQK	SSLSALSLDEPFIQK	P25054.2	Adenomatous polyposis coli protein	Homo sapiens	9606	APC	0	[]	1504	1518	1
SSRVLLRQQLMRAQA	SSRVLLRQQLMRAQA	P19532.4	Transcription factor E3	Homo sapiens	9606	TFE3	0	[]	111	125	1
SSSVKFVSTSYSRGPR	SSSVKFVSTTYSGVTR	P04264.6	Keratin, type II cytoskeletal 1	Homo sapiens	9606	KRT1	4	[10, 13, 14, 15]	629	644	1
SSYAIVRDITRRGKF	SGYAVVRDITRRGKF	A0A0A0MQS9.1	Laminin subunit alpha-4	Homo sapiens	9606	LAMA4	2	[2, 5]	1055	1069	1
STEYGLFQINNKIWC	STEYGLFQISNKLWC	F8VWU1.1	Lactose synthase B protein	Homo sapiens	9606	LALBA	2	[10, 13]	66	80	1
STIYLLKTKLSEREN	ATIYLLKTKLSEREN	A0A0A0MQS9.1	Laminin subunit alpha-4	Homo sapiens	9606	LAMA4	1	[1]	316	330	1
STWPAYFSIVKIERV	SSWPAYFSIVKIERV	A0A0A0MQS9.1	Laminin subunit alpha-4	Homo sapiens	9606	LAMA4	1	[2]	925	939	1
SVLANGMKLLGITPVCRM	SVLANGMKLLGITPVCRM	A0A8I5KP51.1	arginine--tRNA ligase	Homo sapiens	9606	RARS2	0	[]	591	608	1
SVLSLSQSKVLPVPQ	SVLSGSQSGELLVWD	Q92636.2	Protein FAN	Homo sapiens	9606	NSMAF	6	[5, 9, 10, 12, 14, 15]	858	872	1
SVVSNSILYFSNFVP	SALSNSIMYFSHFVP	B8ZZZ4.1	T-cell surface glycoprotein CD8 alpha chain	Homo sapiens	9606	CD8A	4	[2, 3, 8, 12]	116	130	1
SYFLYSKLRVDRNSW	SFFLYSKLTVDKSRW	P01857.1	Immunoglobulin heavy constant gamma 1	Homo sapiens	9606	IGHG1	5	[2, 9, 12, 13, 14]	286	300	1
TALILPLALLLLDAA	TALLLPLALLLHAAR	B8ZZZ4.1	T-cell surface glycoprotein CD8 alpha chain	Homo sapiens	9606	CD8A	4	[4, 12, 13, 15]	6	20	1
TASVLSSSSTHSAPR	TASVLSSSSTHSAPR	P25054.2	Adenomatous polyposis coli protein	Homo sapiens	9606	APC	0	[]	288	302	1
TCGAQALIVTQTMKG	LCGADALIPVQTGAA	E7ESX1.1	Chordin	Homo sapiens	9606	CHRD	7	[1, 5, 9, 10, 13, 14, 15]	410	424	1
TDDLRLAALSIEESK	TDDLRLAALSIEEGK	A0A0A0MQS9.1	Laminin subunit alpha-4	Homo sapiens	9606	LAMA4	1	[14]	281	295	1
TDNANILIQVDNARL	TDNANILLQIDNARL	A0A1B0GVI3.2	Keratin, type I cytoskeletal 10	Homo sapiens	9606	KRT10	2	[8, 10]	215	229	1
TELLNNMRSQYEQLA	TQLLNNMRSQYEQLA	A0A1B0GVI3.2	Keratin, type I cytoskeletal 10	Homo sapiens	9606	KRT10	1	[2]	315	329	1
TESLKAAFITYLQAK	TESLKAAFITYLQAK	Q96T58.1	Msx2-interacting protein	Homo sapiens	9606	SPEN	0	[]	3592	3606	1
TFGCGYLNDFNTACL	TFGCGYLNDFNTACL	A0A8I5KP51.1	arginine--tRNA ligase	Homo sapiens	9606	RARS2	0	[]	476	490	1
TFKVAYSTDGRQFQF	AFKVAYSLNGHEFDF	A0A8Q3SI86.1	Lactadherin	Homo sapiens	9606	MFGE8	6	[1, 8, 9, 11, 12, 14]	157	171	1
TFLEDVLNEIRLRML	TFLEDVLNEIQLRML	A0A8I5KP51.1	arginine--tRNA ligase	Homo sapiens	9606	RARS2	1	[11]	391	405	1
TFTQVLSCQKCMKAS	TFTGTRSCQYCTKWS	E9PIS4.1	Acyl-coenzyme A thioesterase 8	Homo sapiens	9606	ACOT8	6	[4, 5, 6, 10, 12, 14]	106	120	1
TGCIRHFVIDGRPVS	TGCIRHFVIDGHPVS	A0A0A0MQS9.1	Laminin subunit alpha-4	Homo sapiens	9606	LAMA4	1	[12]	1790	1804	1
TGLVSALTGLVNVSL	TGLVSALTGLVNVSL	Q96T58.1	Msx2-interacting protein	Homo sapiens	9606	SPEN	0	[]	2648	2662	1
TGYLEELEKERSLLL	TGYLEELEKERSLLL	E7EMH9.1	Adenomatous polyposis coli protein	Homo sapiens	9606	APC	0	[]	131	145	1
TIKYLKSLFSHAFEVVKT	LTAELKSLEDKAAEVVKN	E9PD53.1	Structural maintenance of chromosomes protein	Homo sapiens	9606	SMC4	9	[1, 2, 3, 4, 9, 10, 11, 13, 18]	933	950	1
TILKASVEYIKWLQK	TILKASVEYIKWLQK	B7Z757.1	Transcription factor EC	Homo sapiens	9606	TFEC	0	[]	270	284	1
TKADIEQLPSYRFHP	TKADIEQLPSYRFNP	Q7L0R7.1	RING finger protein 44	Homo sapiens	9606	RNF44	1	[14]	356	370	1
TKFQLTLSSFLQEDQ	TWSSLTLESFFQEVE	A0A075B6F3.2	Dynein axonemal heavy chain 8	Homo sapiens	9606	DNAH8	7	[2, 3, 4, 8, 11, 14, 15]	901	915	1
TKQPINRGQSKPVLQ	AKQPINRGQPKPILQ	P25054.2	Adenomatous polyposis coli protein	Homo sapiens	9606	APC	3	[1, 10, 13]	1914	1928	1
TKRIDSLPLTENFSL	TKRIDSLPLTENFSL	E7EMH9.1	Adenomatous polyposis coli protein	Homo sapiens	9606	APC	0	[]	166	180	1
TKWELLQQINTSTRT	TKWELLQQVDTSTRT	P04264.6	Keratin, type II cytoskeletal 1	Homo sapiens	9606	KRT1	2	[9, 10]	210	224	1
TLHIHYSGSLVDGRI	TLHIHYTGSLVDGRI	F8VU90.1	peptidylprolyl isomerase	Homo sapiens	9606	FKBP11	1	[7]	59	73	1
TLKIETKVLQPANLG	TLKIETKVLQPANLG	Q96T58.1	Msx2-interacting protein	Homo sapiens	9606	SPEN	0	[]	2965	2979	1
TLLFVLSAPIGVLSQ	TLLFTLSYPDGSKSD	Q504Q3.3	PAN2-PAN3 deadenylation complex catalytic subunit PAN2	Homo sapiens	9606	PAN2	6	[5, 8, 10, 12, 13, 15]	679	693	1
TLNNDVISLYNFKHI	TLNNDVISLYNFKHI	A0A0A0MQS9.1	Laminin subunit alpha-4	Homo sapiens	9606	LAMA4	0	[]	1010	1024	1
TLQPNGLLFYYASGS	TLQPNGLLFYYASGS	A0A0A0MQS9.1	Laminin subunit alpha-4	Homo sapiens	9606	LAMA4	0	[]	1265	1279	1
TLSSFLQEDQGYYFC	TLSDFRRENEGYYFC	B8ZZZ4.1	T-cell surface glycoprotein CD8 alpha chain	Homo sapiens	9606	CD8A	5	[4, 6, 7, 9, 10]	101	115	1
TLTDVENLHLPLPLL	KLTDLENLHLPLPLL	P05814.4	Beta-casein	Homo sapiens	9606	CSN2	2	[1, 5]	132	146	1
TLVLTAQTYNASPVI	TLVLTAQTYNASPVI	Q96T58.1	Msx2-interacting protein	Homo sapiens	9606	SPEN	0	[]	2885	2899	1
TNTLGVYVLTTALIP	ANTLGVYILTTGLIP	A0PJE2.2	Dehydrogenase/reductase SDR family member 12	Homo sapiens	9606	DHRS12	3	[1, 8, 12]	146	160	2
TPPIPSVTIAKLPLP	IPTLPSVTAAKLSPP	Q96T58.1	Msx2-interacting protein	Homo sapiens	9606	SPEN	6	[1, 3, 4, 9, 13, 14]	2469	2483	1
TPVCFSRNSSLSSLS	TPVCFSRNSSLSSLS	P25054.2	Adenomatous polyposis coli protein	Homo sapiens	9606	APC	0	[]	2017	2031	1
TRDPLVIELGQKQVI	TRDPLVIELGQKQVI	F8VU90.1	peptidylprolyl isomerase	Homo sapiens	9606	FKBP11	0	[]	79	93	1
TRINYLGDWGMQFGL	IRINYLGDWGMQFGL	A0A8I5KP51.1	arginine--tRNA ligase	Homo sapiens	9606	RARS2	1	[1]	166	180	1
TSRLDFACNIYIWAP	TRGLDFACDIYIWAP	B8ZZZ4.1	T-cell surface glycoprotein CD8 alpha chain	Homo sapiens	9606	CD8A	3	[2, 3, 9]	137	151	1
TSVSSLDSFESRSIA	TSVSSLDSFESRSIA	P25054.2	Adenomatous polyposis coli protein	Homo sapiens	9606	APC	0	[]	1388	1402	1
TTTGAVTVAGAVIAP	ATTGTVTMAGAVIAP	Q96T58.1	Msx2-interacting protein	Homo sapiens	9606	SPEN	3	[1, 5, 8]	2755	2769	1
TVFYVGGVPSNFKLP	TVFYVGGVPSNFKLP	A0A0A0MQS9.1	Laminin subunit alpha-4	Homo sapiens	9606	LAMA4	0	[]	980	994	1
TVIMDVKGIKVQSAD	TVIMDVKGIKVQSVD	A0A0A0MQS9.1	Laminin subunit alpha-4	Homo sapiens	9606	LAMA4	1	[14]	1290	1304	1
TVLSPYLNTTVLPSS	TVLSPYLNTTVLPSS	P25054.2	Adenomatous polyposis coli protein	Homo sapiens	9606	APC	0	[]	820	834	1
TVLWLALAPAATAQP	TMLWLALSSAAAAQP	A0PJE2.2	Dehydrogenase/reductase SDR family member 12	Homo sapiens	9606	DHRS12	4	[2, 8, 9, 12]	261	275	2
TVPRDVRIMVHPHVT	TVPRDVRIMVHPHVT	Q96T58.1	Msx2-interacting protein	Homo sapiens	9606	SPEN	0	[]	3190	3204	1
TYYNPALKSRLSITK	KRYSPSLKSRLTITK	P01817.2	Immunoglobulin heavy variable 2-5	Homo sapiens	9606	IGHV2-5	5	[1, 2, 4, 6, 12]	78	92	1
VAGTWYSLAMAASDI	LAGTWHSMAMATNNI	A6XNE0.1	Glycodelin	Homo sapiens	9606	PAEP	6	[1, 6, 8, 12, 13, 14]	33	47	1
VAKKFHVGHLRSTII	VAKKFHVGHLRSTII	A0A8I5KP51.1	arginine--tRNA ligase	Homo sapiens	9606	RARS2	0	[]	136	150	1
VATLKGLVNTPAGPV	VTTLKSLVSTPAGPV	Q96T58.1	Msx2-interacting protein	Homo sapiens	9606	SPEN	3	[2, 6, 9]	2676	2690	1
VAYLPDYRMQEWARR	VAYLPDYRMKEWSRR	Q9NX14.1	NADH dehydrogenase [ubiquinone] 1 beta subcomplex subunit 11, mitochondrial	Homo sapiens	9606	NDUFB11	2	[10, 13]	106	120	1
VDIDIKKVNGVPQYA	VDIDIKKVNGVPQYA	Q96T58.1	Msx2-interacting protein	Homo sapiens	9606	SPEN	0	[]	465	479	1
VDLGLRITPLLGQWM	VGLGLRIIPLLGQWM	C9IYB7.1	Sentrin-specific protease 2 (Fragment)	Homo sapiens	9606	SENP2	2	[2, 8]	51	65	1
VEGPKLVVSTQTALA	TGGLGTVVSTLTALA	E7EPU1.1	Urea transporter 2	Homo sapiens	9606	SLC14A2	6	[1, 2, 4, 5, 6, 11]	155	169	1
VEGTPINFSTATSLS	VEGTPINFSTATSLS	P25054.2	Adenomatous polyposis coli protein	Homo sapiens	9606	APC	0	[]	1644	1658	1
VEPFTESQSLTLTDV	GLYFTETQRLTLSEV	A0A0A0MSA0.1	Laminin subunit alpha-3	Homo sapiens	9606	LAMA3	7	[1, 2, 3, 7, 9, 13, 14]	1620	1634	1
VFLQYTHARLHSLEE	VFLQYTHARLHSLEE	A0A8I5KP51.1	arginine--tRNA ligase	Homo sapiens	9606	RARS2	0	[]	461	475	1
VFLTVPSLSSTAEEK	VFLTVPSLSSTAEEK	A0A0A0MQS9.1	Laminin subunit alpha-4	Homo sapiens	9606	LAMA4	0	[]	945	959	1
VFMFNVGHKKLKIRS	VYMFNVGHKKLKIRS	A0A0A0MQS9.1	Laminin subunit alpha-4	Homo sapiens	9606	LAMA4	1	[2]	1530	1544	1
VFRRDTHKSEIAHRF	VFRRDAHKSEVAHRF	A0A087WWT3.1	Albumin	Homo sapiens	9606	ALB	2	[6, 11]	21	35	1
VGHKKLKIRSQEKYN	VGHKKLKIRSQEKYN	A0A0A0MQS9.1	Laminin subunit alpha-4	Homo sapiens	9606	LAMA4	0	[]	1535	1549	1
VHIIQTKGRNVSIFI	VHCIETHGRNVQYIK	A0A3B3ITU8.1	Inositol 1,4,5-trisphosphate receptor	Homo sapiens	9606	ITPR1	7	[3, 5, 7, 12, 13, 14, 15]	1291	1305	1
VHTFPAVLQSSGLYS	VHTFPAVLQSSGLYS	P01857.1	Immunoglobulin heavy constant gamma 1	Homo sapiens	9606	IGHG1	0	[]	50	64	1
VHYHLPVARAAAPVQ	VHYHLPVARATAPVQ	Q96T58.1	Msx2-interacting protein	Homo sapiens	9606	SPEN	1	[11]	3160	3174	1
VIAPKITSVISRMPV	VIAPKITSVISRMPV	Q96T58.1	Msx2-interacting protein	Homo sapiens	9606	SPEN	0	[]	2613	2627	1
VILSMDNNRNLDLNS	VILSMDNNRNLDLDS	Q3SY84.3	Keratin, type II cytoskeletal 71	Homo sapiens	9606	KRT71	1	[14]	285	299	1
VISLYNFKHIYNMDP	VISLYNFKHIYNMDP	A0A0A0MQS9.1	Laminin subunit alpha-4	Homo sapiens	9606	LAMA4	0	[]	1015	1029	1
VIVKVNNGIRDFSTS	VIVKVNNGIRDFSTS	A0A0A0MQS9.1	Laminin subunit alpha-4	Homo sapiens	9606	LAMA4	0	[]	1705	1719	1
VKYREAHGLPIMESN	VKYREANGLPIMESN	Q9NX14.1	NADH dehydrogenase [ubiquinone] 1 beta subcomplex subunit 11, mitochondrial	Homo sapiens	9606	NDUFB11	1	[7]	126	140	1
VLLLASLAATSLAIL	VLLPASLASTSLAIL	Q8IVK1.1	Putative glycosylation-dependent cell adhesion molecule 1	Homo sapiens	9606	GLYCAM1	2	[4, 9]	6	20	5
VLNEIRLRMLQNMAS	VLNEIQLRMLQNMAS	A0A8I5KP51.1	arginine--tRNA ligase	Homo sapiens	9606	RARS2	1	[6]	396	410	1
VLTTPVNAATSVVNA	VLTTPVNATVGTVNA	Q96T58.1	Msx2-interacting protein	Homo sapiens	9606	SPEN	4	[9, 10, 11, 12]	2706	2720	1
VNAATSVVNAATGTV	VNATTGPVNAATGPV	Q3C1V0.3	Membrane-spanning 4-domains subfamily A member 18	Homo sapiens	9606	MS4A18	4	[4, 6, 7, 14]	307	321	2
VNEINSTIYLLKTKL	VNEINATIYLLKTKL	A0A0A0MQS9.1	Laminin subunit alpha-4	Homo sapiens	9606	LAMA4	1	[6]	311	325	1
VNVSLVPVNALAGPV	VNVSLVPVNALKGPV	Q96T58.1	Msx2-interacting protein	Homo sapiens	9606	SPEN	1	[12]	2658	2672	1
VPIHRKVHWSLVAID	VPIHRKVHWSLVVID	Q9HC62.3	Sentrin-specific protease 2	Homo sapiens	9606	SENP2	1	[13]	471	485	1
VPSERYLGYLEQLLR	VCEQRRLGQLEQLLL	O43157.3	Plexin-B1	Homo sapiens	9606	PLXNB1	6	[2, 3, 4, 6, 9, 15]	118	132	1
VQLHFVSGNNVLAHR	VQLHFVSGNNVLAHR	Q96T58.1	Msx2-interacting protein	Homo sapiens	9606	SPEN	0	[]	3522	3536	1
VQLRESGPSLVKPSQ	VQLQESGPGLVKPSQ	P0DP06.1	Immunoglobulin heavy variable 4-30-4	Homo sapiens	9606	IGHV4-30-4	2	[4, 9]	21	35	3
VRGSFTFDSPHHYTP	VRGSFAFDSPHHYTP	P25054.2	Adenomatous polyposis coli protein	Homo sapiens	9606	APC	1	[6]	1834	1848	1
VRIMVHPHVTAVSEQ	VRIMVHPHVTAVSEQ	Q96T58.1	Msx2-interacting protein	Homo sapiens	9606	SPEN	0	[]	3195	3209	1
VRKEILKRESKKLKL	VRKEILKRESKKIKL	Q96T58.1	Msx2-interacting protein	Homo sapiens	9606	SPEN	1	[13]	1040	1054	1
VRQSTFIKEAPSPTL	VRQSTFIKEAPSPTL	P25054.2	Adenomatous polyposis coli protein	Homo sapiens	9606	APC	0	[]	2438	2452	1
VSASIQRIRELIAQT	VSASIQRIRELIAQT	A0A0A0MQS9.1	Laminin subunit alpha-4	Homo sapiens	9606	LAMA4	0	[]	811	825	1
VSGNNVLAHRSLPLS	VSGNNVLAHRSLPLS	Q96T58.1	Msx2-interacting protein	Homo sapiens	9606	SPEN	0	[]	3527	3541	1
VSIFITACDFGLLLW	VSEVIGASDLLLLLG	A0A2R8Y3X5.1	Dynamin-like 120 kDa protein, mitochondrial	Homo sapiens	9606	OPA1	7	[3, 4, 6, 8, 10, 11, 15]	66	80	1
VSILQHLLRFDEVLY	VSILQHLLRFDEVLY	A0A8I5KP51.1	arginine--tRNA ligase	Homo sapiens	9606	RARS2	0	[]	496	510	1
VTINQSLLQPLNVEI	VTINQSLLQPLNVEI	P04264.6	Keratin, type II cytoskeletal 1	Homo sapiens	9606	KRT1	0	[]	155	169	1
VVCFSDFEARQLLRV	VVCFSDFEARQLLRV	Q7L0R7.1	RING finger protein 44	Homo sapiens	9606	RNF44	0	[]	381	395	1
VVLFHSKFMELTRMQ	VVLFHSRFMELTRMQ	Q96T58.1	Msx2-interacting protein	Homo sapiens	9606	SPEN	1	[7]	1580	1594	1
VWKFVENFKQEHTLN	IWKFVENFKQEHKLH	A0PJE2.2	Dehydrogenase/reductase SDR family member 12	Homo sapiens	9606	DHRS12	3	[1, 13, 15]	106	120	2
VYKLLPSQNRLQAQK	VYKLLPSQNRLQPQK	P25054.2	Adenomatous polyposis coli protein	Homo sapiens	9606	APC	1	[13]	1614	1628	1
VYVLTTALIPVLEKE	VYILTTGLIPVLEKE	A0PJE2.2	Dehydrogenase/reductase SDR family member 12	Homo sapiens	9606	DHRS12	2	[3, 7]	151	165	2
WGQGLLVTVSSASTT	WGQSLLPPVSTSFTT	A0A087X0I0.1	Tenascin-X	Homo sapiens	9606	TNXB	6	[4, 7, 8, 11, 12, 13]	1723	1737	1
WIQVNLMRKMWVTGV	WIQVNLLRRMWVTGV	A0A8Q3SI86.1	Lactadherin	Homo sapiens	9606	MFGE8	2	[7, 9]	127	141	1
WNKGTILKASVDYIR	WNKGTILKASVDYIR	A0A8I5KRZ6.1	Microphthalmia-associated transcription factor	Homo sapiens	9606	MITF	0	[]	326	340	1
WQKFRDLSIDEYMRI	WQKFRDLSIEEYIRV	A0A8I5KP51.1	arginine--tRNA ligase	Homo sapiens	9606	RARS2	3	[10, 13, 15]	241	255	1
WQKLVKGILPLVGMA	WLKLVKGILPLVGMA	E9PAR0.1	peptidylprolyl isomerase	Homo sapiens	9606	FKBP11	1	[2]	47	61	1
WVDTPGVRLSMPGFH	WADTPGVRQAMPGFH	A0PJE2.2	Dehydrogenase/reductase SDR family member 12	Homo sapiens	9606	DHRS12	3	[2, 9, 10]	231	245	2
YALTWVRQAPGKALE	YAMSWVRQAPGKGLE	P01764.2	Immunoglobulin heavy variable 3-23	Homo sapiens	9606	IGHV3-23	3	[3, 4, 13]	51	65	1
YCFSRNDSLSSLDFD	YCFSRNDSLSSLDFD	P25054.2	Adenomatous polyposis coli protein	Homo sapiens	9606	APC	0	[]	1854	1868	1
YCQQLVLSQGTSPEL	YCQQLTVSQGPSPEL	O14948.1	Transcription factor EC	Homo sapiens	9606	TFEC	3	[6, 7, 11]	261	275	1
YCVQLSQIQSQISSL	YCVQLSQIQAQISAL	A0A1B0GVI3.2	Keratin, type I cytoskeletal 10	Homo sapiens	9606	KRT10	2	[10, 14]	400	414	1
YDKNPWIQVNLMRKM	NDDNPWIQVNLLRRM	A0A8Q3SI86.1	Lactadherin	Homo sapiens	9606	MFGE8	4	[1, 3, 12, 14]	122	136	1
YFFDGSSYAIVRDIT	YFFDGSGYAVVRDIT	A0A0A0MQS9.1	Laminin subunit alpha-4	Homo sapiens	9606	LAMA4	2	[7, 10]	1050	1064	1
YFSIVKIERVGKHGK	YFSIVKIERVGKHGK	A0A0A0MQS9.1	Laminin subunit alpha-4	Homo sapiens	9606	LAMA4	0	[]	930	944	1
YGPVVKVVFDRLKGM	YGPVVKVVFDRLKGM	Q96T58.1	Msx2-interacting protein	Homo sapiens	9606	SPEN	0	[]	540	554	1
YHLYRKASSPKISKN	YHLYRKANRPKVSKK	E9PAR0.1	peptidylprolyl isomerase	Homo sapiens	9606	FKBP11	4	[8, 9, 12, 15]	72	86	1
YIPIQYVLSRYPSYG	AFPVQYKLSRRPLYG	O15552.1	Free fatty acid receptor 2	Homo sapiens	9606	FFAR2	6	[1, 2, 4, 7, 11, 13]	112	126	1
YITKVDLQAKFDNLL	YMTKVDLQAKLDNLQ	P04264.6	Keratin, type II cytoskeletal 1	Homo sapiens	9606	KRT1	3	[2, 11, 15]	295	309	1
YKTLYQAELSQMQTH	LKVLYDAELSQMQTH	P19013.5	Keratin, type II cytoskeletal 4	Homo sapiens	9606	KRT4	3	[1, 3, 6]	272	286	1
YLGYLEQLLRLKKYK	ILGYKEQFLRLRKSS	Q99523.3	Sortilin	Homo sapiens	9606	SORT1	6	[1, 5, 8, 12, 14, 15]	635	649	1
YLNVHMKNGQVIVKV	YLNVHMKNGQVIVKV	A0A0A0MQS9.1	Laminin subunit alpha-4	Homo sapiens	9606	LAMA4	0	[]	1695	1709	1
YLSAQRVKLAEGLDP	YLSQNKPKAAEGLDT	B8ZZZ4.1	T-cell surface glycoprotein CD8 alpha chain	Homo sapiens	9606	CD8A	6	[4, 5, 6, 7, 9, 15]	72	86	1
YLYEIARRHPYFYAP	YLYEIARRHPYFYAP	A0A0C4DGB6.1	Albumin	Homo sapiens	9606	ALB	0	[]	162	176	1
YPADLAHKIHSANHM	YPADLAHKIHSANHM	P25054.2	Adenomatous polyposis coli protein	Homo sapiens	9606	APC	0	[]	1000	1014	1
YPSFLPYFLSMLPMS	YPSFLPYFLSMLPMS	Q7L0R7.1	RING finger protein 44	Homo sapiens	9606	RNF44	0	[]	301	315	1
YQKFALPQYLKTVYQ	LQCNASPQYLKEVSM	Q6ZU64.2	Cilia- and flagella-associated protein 65	Homo sapiens	9606	CFAP65	7	[1, 3, 4, 6, 12, 14, 15]	855	869	1
YQTIDDLKNQIFNLT	YKTIDDLKNQILNLT	A0A1B0GVI3.2	Keratin, type I cytoskeletal 10	Homo sapiens	9606	KRT10	2	[2, 12]	200	214	1
YRVVSALRIQHQDWT	YRVVSVLTVLHQDWL	P01857.1	Immunoglobulin heavy constant gamma 1	Homo sapiens	9606	IGHG1	5	[6, 8, 9, 10, 15]	183	197	1
YRYGDVRSYHGPAQL	YRYGDIRTYHPPAQL	Q96T58.1	Msx2-interacting protein	Homo sapiens	9606	SPEN	3	[6, 8, 11]	3306	3320	1
YSGESFYREKSQEVL	YSGESFYREKSQEVL	A0A8I5KP51.1	arginine--tRNA ligase	Homo sapiens	9606	RARS2	0	[]	266	280	1
YSLAMAASDISLLDA	PLLASAASSSSLLSA	Q9Y4H2.2	Insulin receptor substrate 2	Homo sapiens	9606	IRS2	6	[1, 2, 5, 9, 10, 14]	937	951	1
YSLEPLFEAYISRLR	SNLEPLFEGYIETLR	O43790.1	Keratin, type II cuticular Hb6	Homo sapiens	9606	KRT86	5	[1, 2, 9, 12, 13]	149	163	1
YTCVVMHEALHNHYT	FSCSVMHEALHNHYT	P01857.1	Immunoglobulin heavy constant gamma 1	Homo sapiens	9606	IGHG1	3	[1, 2, 4]	306	320	1
YVLSRYPSYGLNYYQ	YVPNSYPYYGTNLYQ	P07498.3	Kappa-casein	Homo sapiens	9606	CSN3	6	[3, 4, 5, 8, 11, 13]	50	64	1
